
> backend@0.0.1 dev
> medusa develop

[32minfo[39m:    redisUrl not found. A fake redis instance will be used.
[32minfo[39m:    [Watcher] Using standard dev server (restart on file change)
[32minfo[39m:    [Watcher] Watching filesystem to reload dev server on file change
[32minfo[39m:    redisUrl not found. A fake redis instance will be used.
- Creating server
[32minfo[39m:    redisUrl not found. A fake redis instance will be used.
[32minfo[39m:    Skipping instrumentation registration. No register function found.
[32minfo[39m:    redisUrl not found. A fake redis instance will be used.
[32minfo[39m:    No link to load from /Users/User/daw-store/backend/node_modules/@medusajs/draft-order/.medusa/server/src/links. skipped.
[33mwarn[39m:    Local Event Bus installed. This is not recommended for production.
[32minfo[39m:    Locking module: Using "in-memory" as default.
[32minfo[39m:    No workflow to load from /Users/User/daw-store/backend/node_modules/@medusajs/draft-order/.medusa/server/src/workflows. skipped.
[32minfo[39m:    No subscriber to load from /Users/User/daw-store/backend/node_modules/@medusajs/draft-order/.medusa/server/src/subscribers. skipped.
[32minfo[39m:    No job to load from /Users/User/daw-store/backend/node_modules/@medusajs/medusa/dist/jobs. skipped.
[32minfo[39m:    No job to load from /Users/User/daw-store/backend/node_modules/@medusajs/draft-order/.medusa/server/src/jobs. skipped.
✔ Server is ready on port: 9001 – 4750ms
[32minfo[39m:    Admin URL → http://localhost:9001/app
[32mhttp[39m:    OPTIONS /store/admin-settings ← http://localhost:3000/ (204) - 5.278 ms
[32mhttp[39m:    OPTIONS /store/admin-settings ← http://localhost:3000/ (204) - 0.529 ms
[32mhttp[39m:    GET /store/admin-settings ← http://localhost:3000/ (304) - 20.653 ms
[32mhttp[39m:    OPTIONS /store/admin-products ← http://localhost:3000/ (204) - 1.075 ms
[32mhttp[39m:    GET /store/admin-settings ← http://localhost:3000/ (304) - 15.715 ms
[32mhttp[39m:    GET /store/admin-products ← http://localhost:3000/ (304) - 55.498 ms
[32mhttp[39m:    GET /store/admin-products ← http://localhost:3000/ (304) - 39.668 ms
[32mhttp[39m:    OPTIONS /store/admin-orders ← http://localhost:3001/ (204) - 0.658 ms
[32mhttp[39m:    OPTIONS /store/admin-products?limit=200 ← http://localhost:3001/ (204) - 0.632 ms
[32mhttp[39m:    OPTIONS /store/admin-orders ← http://localhost:3001/ (204) - 0.356 ms
[32mhttp[39m:    OPTIONS /store/admin-products?limit=200 ← http://localhost:3001/ (204) - 0.449 ms
[32mhttp[39m:    GET /store/admin-orders ← http://localhost:3001/ (304) - 17.354 ms
[32mhttp[39m:    GET /store/admin-orders ← http://localhost:3001/ (304) - 17.853 ms
[32mhttp[39m:    GET /store/admin-products?limit=200 ← http://localhost:3001/ (304) - 34.958 ms
[32mhttp[39m:    GET /store/admin-products?limit=200 ← http://localhost:3001/ (304) - 29.111 ms
[32mhttp[39m:    OPTIONS /store/admin-orders ← http://localhost:3001/ (204) - 0.412 ms
[32mhttp[39m:    OPTIONS /store/admin-orders ← http://localhost:3001/ (204) - 0.772 ms
[32mhttp[39m:    GET /store/admin-orders ← http://localhost:3001/ (304) - 10.492 ms
[32mhttp[39m:    GET /store/admin-orders ← http://localhost:3001/ (304) - 7.254 ms
[32mhttp[39m:    OPTIONS /store/admin-products?limit=200 ← http://localhost:3001/ (204) - 0.466 ms
[32mhttp[39m:    OPTIONS /store/product-categories?limit=200 ← http://localhost:3001/ (204) - 0.507 ms
[32mhttp[39m:    OPTIONS /store/admin-settings ← http://localhost:3001/ (204) - 0.460 ms
[32mhttp[39m:    OPTIONS /store/admin-settings ← http://localhost:3001/ (204) - 0.433 ms
[32mhttp[39m:    OPTIONS /store/admin-products?limit=200 ← http://localhost:3001/ (204) - 0.325 ms
[32mhttp[39m:    OPTIONS /store/product-categories?limit=200 ← http://localhost:3001/ (204) - 0.406 ms
[32mhttp[39m:    GET /store/admin-settings ← http://localhost:3001/ (304) - 24.590 ms
[32mhttp[39m:    GET /store/product-categories?limit=200 ← http://localhost:3001/ (304) - 31.551 ms
[32mhttp[39m:    GET /store/admin-settings ← http://localhost:3001/ (304) - 18.560 ms
[32mhttp[39m:    GET /store/admin-products?limit=200 ← http://localhost:3001/ (304) - 36.991 ms
[32mhttp[39m:    GET /store/product-categories?limit=200 ← http://localhost:3001/ (304) - 23.303 ms
[32mhttp[39m:    GET /store/admin-products?limit=200 ← http://localhost:3001/ (304) - 26.913 ms
[32mhttp[39m:    OPTIONS /store/admin-upload-image ← http://localhost:3001/ (204) - 0.803 ms
[32mhttp[39m:    POST /store/admin-upload-image ← http://localhost:3001/ (200) - 23.290 ms
[32mhttp[39m:    OPTIONS /store/admin-products/prod_01KEG03PVDA6EVW069ZGZTQ38N ← http://localhost:3001/ (204) - 1.140 ms
[32mhttp[39m:    POST /store/admin-products/prod_01KEG03PVDA6EVW069ZGZTQ38N ← http://localhost:3001/ (200) - 143.645 ms
[32mhttp[39m:    OPTIONS /store/admin-products?limit=200 ← http://localhost:3001/ (204) - 1.551 ms
[32mhttp[39m:    GET /store/admin-products?limit=200 ← http://localhost:3001/ (200) - 97.264 ms
[32mhttp[39m:    OPTIONS /store/admin-settings ← http://localhost:3000/ (204) - 0.342 ms
[32mhttp[39m:    GET /store/admin-settings ← http://localhost:3000/ (304) - 9.572 ms
[32mhttp[39m:    GET /store/admin-settings ← http://localhost:3000/ (304) - 12.472 ms
[32mhttp[39m:    OPTIONS /store/admin-products ← http://localhost:3000/ (204) - 0.468 ms
[32mhttp[39m:    GET /store/admin-settings ← http://localhost:3000/ (304) - 12.840 ms
[32mhttp[39m:    GET /store/admin-products ← http://localhost:3000/ (200) - 31.800 ms
[32mhttp[39m:    GET /store/admin-products ← http://localhost:3000/ (304) - 29.064 ms
[32mhttp[39m:    OPTIONS /store/admin-settings ← http://localhost:3000/ (204) - 0.435 ms
[32mhttp[39m:    OPTIONS /store/admin-settings ← http://localhost:3000/ (204) - 0.597 ms
[32mhttp[39m:    GET /store/admin-settings ← http://localhost:3000/ (304) - 8.757 ms
[32mhttp[39m:    OPTIONS /store/admin-products ← http://localhost:3000/ (204) - 0.674 ms
[32mhttp[39m:    GET /store/admin-settings ← http://localhost:3000/ (304) - 11.493 ms
[32mhttp[39m:    GET /store/admin-products ← http://localhost:3000/ (304) - 27.253 ms
[32mhttp[39m:    GET /store/admin-products ← http://localhost:3000/ (304) - 27.866 ms
[32mhttp[39m:    GET /store/admin-settings ← http://localhost:3000/ (304) - 10.919 ms
[32mhttp[39m:    OPTIONS /store/admin-products/prod_01KEFPYJG5QXCN7F89NHY4TQWY ← http://localhost:3000/ (204) - 0.823 ms
[32mhttp[39m:    GET /store/admin-settings ← http://localhost:3000/ (304) - 9.922 ms
[32mhttp[39m:    GET /store/admin-products/prod_01KEFPYJG5QXCN7F89NHY4TQWY ← http://localhost:3000/ (304) - 21.778 ms
[32mhttp[39m:    GET /store/admin-products/prod_01KEFPYJG5QXCN7F89NHY4TQWY ← http://localhost:3000/ (304) - 36.587 ms
[32mhttp[39m:    GET /store/admin-settings ← http://localhost:3000/ (304) - 10.797 ms
[32mhttp[39m:    GET /store/admin-settings ← http://localhost:3000/ (304) - 12.870 ms
[32mhttp[39m:    GET /store/admin-products ← http://localhost:3000/ (304) - 28.715 ms
[32mhttp[39m:    GET /store/admin-products ← http://localhost:3000/ (304) - 27.616 ms
[32mhttp[39m:    OPTIONS /store/admin-settings ← http://localhost:3001/ (204) - 0.325 ms
[32mhttp[39m:    OPTIONS /store/admin-settings ← http://localhost:3001/ (204) - 0.563 ms
[32mhttp[39m:    GET /store/admin-settings ← http://localhost:3001/ (304) - 9.139 ms
[32mhttp[39m:    GET /store/admin-settings ← http://localhost:3001/ (304) - 6.637 ms
[32mhttp[39m:    OPTIONS /store/admin-orders ← http://localhost:3001/ (204) - 0.399 ms
[32mhttp[39m:    OPTIONS /store/admin-orders ← http://localhost:3001/ (204) - 0.247 ms
[32mhttp[39m:    GET /store/admin-orders ← http://localhost:3001/ (304) - 8.953 ms
[32mhttp[39m:    GET /store/admin-orders ← http://localhost:3001/ (304) - 7.424 ms
[32mhttp[39m:    OPTIONS /store/admin-products?limit=200 ← http://localhost:3001/ (204) - 0.569 ms
[32mhttp[39m:    OPTIONS /store/product-categories?limit=200 ← http://localhost:3001/ (204) - 0.439 ms
[32mhttp[39m:    OPTIONS /store/admin-products?limit=200 ← http://localhost:3001/ (204) - 0.327 ms
[32mhttp[39m:    OPTIONS /store/admin-settings ← http://localhost:3001/ (204) - 0.319 ms
[32mhttp[39m:    OPTIONS /store/product-categories?limit=200 ← http://localhost:3001/ (204) - 0.400 ms
[32mhttp[39m:    OPTIONS /store/admin-settings ← http://localhost:3001/ (204) - 0.356 ms
[32mhttp[39m:    GET /store/product-categories?limit=200 ← http://localhost:3001/ (304) - 30.196 ms
[32mhttp[39m:    GET /store/admin-settings ← http://localhost:3001/ (304) - 26.470 ms
[32mhttp[39m:    GET /store/admin-settings ← http://localhost:3001/ (304) - 21.641 ms
[32mhttp[39m:    GET /store/product-categories?limit=200 ← http://localhost:3001/ (304) - 30.852 ms
[32mhttp[39m:    GET /store/admin-products?limit=200 ← http://localhost:3001/ (304) - 58.737 ms
[32mhttp[39m:    GET /store/admin-products?limit=200 ← http://localhost:3001/ (304) - 29.489 ms
[32mhttp[39m:    OPTIONS /store/admin-orders ← http://localhost:3001/ (204) - 0.344 ms
[32mhttp[39m:    OPTIONS /store/admin-products?limit=200 ← http://localhost:3001/ (204) - 0.394 ms
[32mhttp[39m:    OPTIONS /store/admin-orders ← http://localhost:3001/ (204) - 0.394 ms
[32mhttp[39m:    OPTIONS /store/admin-products?limit=200 ← http://localhost:3001/ (204) - 0.338 ms
[32mhttp[39m:    GET /store/admin-orders ← http://localhost:3001/ (304) - 11.709 ms
[32mhttp[39m:    GET /store/admin-orders ← http://localhost:3001/ (304) - 11.725 ms
[32mhttp[39m:    GET /store/admin-products?limit=200 ← http://localhost:3001/ (304) - 32.905 ms
[32mhttp[39m:    GET /store/admin-products?limit=200 ← http://localhost:3001/ (304) - 25.118 ms
[32mhttp[39m:    OPTIONS /store/admin-products?limit=200 ← http://localhost:3001/ (204) - 0.603 ms
[32mhttp[39m:    OPTIONS /store/product-categories?limit=200 ← http://localhost:3001/ (204) - 0.485 ms
[32mhttp[39m:    OPTIONS /store/product-categories?limit=200 ← http://localhost:3001/ (204) - 0.546 ms
[32mhttp[39m:    OPTIONS /store/admin-settings ← http://localhost:3001/ (204) - 0.290 ms
[32mhttp[39m:    OPTIONS /store/admin-products?limit=200 ← http://localhost:3001/ (204) - 0.328 ms
[32mhttp[39m:    OPTIONS /store/admin-settings ← http://localhost:3001/ (204) - 0.476 ms
[32mhttp[39m:    GET /store/product-categories?limit=200 ← http://localhost:3001/ (304) - 26.983 ms
[32mhttp[39m:    GET /store/admin-settings ← http://localhost:3001/ (304) - 25.376 ms
[32mhttp[39m:    GET /store/admin-settings ← http://localhost:3001/ (304) - 21.028 ms
[32mhttp[39m:    GET /store/product-categories?limit=200 ← http://localhost:3001/ (304) - 27.797 ms
[32mhttp[39m:    GET /store/admin-products?limit=200 ← http://localhost:3001/ (304) - 52.362 ms
[32mhttp[39m:    GET /store/admin-products?limit=200 ← http://localhost:3001/ (304) - 25.336 ms
[32mhttp[39m:    OPTIONS /store/admin-orders ← http://localhost:3001/ (204) - 0.317 ms
[32mhttp[39m:    OPTIONS /store/admin-orders ← http://localhost:3001/ (204) - 0.275 ms
[32mhttp[39m:    GET /store/admin-orders ← http://localhost:3001/ (304) - 9.079 ms
[32mhttp[39m:    GET /store/admin-orders ← http://localhost:3001/ (304) - 6.231 ms
[32mhttp[39m:    OPTIONS /store/admin-settings ← http://localhost:3001/ (204) - 0.402 ms
[32mhttp[39m:    OPTIONS /store/admin-settings ← http://localhost:3001/ (204) - 0.246 ms
[32mhttp[39m:    GET /store/admin-settings ← http://localhost:3001/ (304) - 7.354 ms
[32mhttp[39m:    GET /store/admin-settings ← http://localhost:3001/ (304) - 7.916 ms
[32mhttp[39m:    OPTIONS /store/admin-settings ← http://localhost:3000/ (204) - 0.357 ms
[32mhttp[39m:    OPTIONS /store/admin-settings ← http://localhost:3000/ (204) - 0.440 ms
[32mhttp[39m:    GET /store/admin-settings ← http://localhost:3000/ (304) - 78.869 ms
[32mhttp[39m:    OPTIONS /store/admin-products ← http://localhost:3000/ (204) - 0.481 ms
[32mhttp[39m:    GET /store/admin-settings ← http://localhost:3000/ (304) - 57.724 ms
[32mhttp[39m:    GET /store/admin-products ← http://localhost:3000/ (304) - 145.527 ms
[32mhttp[39m:    GET /store/admin-products ← http://localhost:3000/ (304) - 55.358 ms
[32mhttp[39m:    GET /store/admin-settings ← http://localhost:3000/ (304) - 10.110 ms
[32mhttp[39m:    GET /store/admin-settings ← http://localhost:3000/ (304) - 13.939 ms
[32mhttp[39m:    GET /store/admin-products ← http://localhost:3000/ (304) - 23.787 ms
[32mhttp[39m:    GET /store/admin-products ← http://localhost:3000/ (304) - 23.193 ms
[32mhttp[39m:    OPTIONS /store/admin-settings ← http://localhost:3000/ (204) - 0.471 ms
[32mhttp[39m:    GET /store/admin-settings ← http://localhost:3000/ (304) - 7.141 ms
[32minfo[39m:    [Watcher] created src/api/store/newsletter/route.ts created: restarting dev server
[32minfo[39m:    Gracefully shutting down server
[32minfo[39m:    [Watcher] Reloaded in 14.97ms
[32minfo[39m:    redisUrl not found. A fake redis instance will be used.
- Creating server
[32minfo[39m:    redisUrl not found. A fake redis instance will be used.
[32minfo[39m:    Skipping instrumentation registration. No register function found.
[32minfo[39m:    redisUrl not found. A fake redis instance will be used.
[32minfo[39m:    No link to load from /Users/User/daw-store/backend/node_modules/@medusajs/draft-order/.medusa/server/src/links. skipped.
[33mwarn[39m:    Local Event Bus installed. This is not recommended for production.
[32minfo[39m:    Locking module: Using "in-memory" as default.
[32minfo[39m:    No workflow to load from /Users/User/daw-store/backend/node_modules/@medusajs/draft-order/.medusa/server/src/workflows. skipped.
[32minfo[39m:    No subscriber to load from /Users/User/daw-store/backend/node_modules/@medusajs/draft-order/.medusa/server/src/subscribers. skipped.
[32minfo[39m:    No job to load from /Users/User/daw-store/backend/node_modules/@medusajs/medusa/dist/jobs. skipped.
[32minfo[39m:    No job to load from /Users/User/daw-store/backend/node_modules/@medusajs/draft-order/.medusa/server/src/jobs. skipped.
Error: listen EADDRINUSE: address already in use :::9001
    at Server.setupListenHandle [as _listen2] (node:net:1912:16)
    at listenInCluster (node:net:1969:12)
    at Server.listen (node:net:2074:7)
    at internalStart (/Users/User/daw-store/backend/node_modules/@medusajs/medusa/src/commands/start.ts:306:15)
    at async start (/Users/User/daw-store/backend/node_modules/@medusajs/medusa/src/commands/start.ts:405:12) {
  code: 'EADDRINUSE',
  errno: -48,
  syscall: 'listen',
  address: '::',
  port: 9001
}
[32minfo[39m:    [Watcher] modified src/api/store/orders/route.ts modified: restarting dev server
[32minfo[39m:    Gracefully shutting down server
[32minfo[39m:    [Watcher] Reloaded in 49.63ms
[32minfo[39m:    redisUrl not found. A fake redis instance will be used.
- Creating server
[32minfo[39m:    redisUrl not found. A fake redis instance will be used.
[32minfo[39m:    Skipping instrumentation registration. No register function found.
[32minfo[39m:    redisUrl not found. A fake redis instance will be used.
[32minfo[39m:    No link to load from /Users/User/daw-store/backend/node_modules/@medusajs/draft-order/.medusa/server/src/links. skipped.
[33mwarn[39m:    Local Event Bus installed. This is not recommended for production.
[32minfo[39m:    Locking module: Using "in-memory" as default.
[32minfo[39m:    No workflow to load from /Users/User/daw-store/backend/node_modules/@medusajs/draft-order/.medusa/server/src/workflows. skipped.
[32minfo[39m:    No subscriber to load from /Users/User/daw-store/backend/node_modules/@medusajs/draft-order/.medusa/server/src/subscribers. skipped.
[32minfo[39m:    No job to load from /Users/User/daw-store/backend/node_modules/@medusajs/medusa/dist/jobs. skipped.
[32minfo[39m:    No job to load from /Users/User/daw-store/backend/node_modules/@medusajs/draft-order/.medusa/server/src/jobs. skipped.
Error: listen EADDRINUSE: address already in use :::9001
    at Server.setupListenHandle [as _listen2] (node:net:1912:16)
    at listenInCluster (node:net:1969:12)
    at Server.listen (node:net:2074:7)
    at internalStart (/Users/User/daw-store/backend/node_modules/@medusajs/medusa/src/commands/start.ts:306:15)
    at async start (/Users/User/daw-store/backend/node_modules/@medusajs/medusa/src/commands/start.ts:405:12) {
  code: 'EADDRINUSE',
  errno: -48,
  syscall: 'listen',
  address: '::',
  port: 9001
}
[32minfo[39m:    [Watcher] modified src/api/store/orders/route.ts modified: restarting dev server
[32minfo[39m:    Gracefully shutting down server
[32minfo[39m:    [Watcher] Reloaded in 15.38ms
[32minfo[39m:    redisUrl not found. A fake redis instance will be used.
- Creating server
[32minfo[39m:    redisUrl not found. A fake redis instance will be used.
[32minfo[39m:    Skipping instrumentation registration. No register function found.
[32minfo[39m:    redisUrl not found. A fake redis instance will be used.
[32minfo[39m:    No link to load from /Users/User/daw-store/backend/node_modules/@medusajs/draft-order/.medusa/server/src/links. skipped.
[33mwarn[39m:    Local Event Bus installed. This is not recommended for production.
[32minfo[39m:    Locking module: Using "in-memory" as default.
[32minfo[39m:    No workflow to load from /Users/User/daw-store/backend/node_modules/@medusajs/draft-order/.medusa/server/src/workflows. skipped.
[32minfo[39m:    No subscriber to load from /Users/User/daw-store/backend/node_modules/@medusajs/draft-order/.medusa/server/src/subscribers. skipped.
[32minfo[39m:    No job to load from /Users/User/daw-store/backend/node_modules/@medusajs/medusa/dist/jobs. skipped.
[32minfo[39m:    No job to load from /Users/User/daw-store/backend/node_modules/@medusajs/draft-order/.medusa/server/src/jobs. skipped.
Error: listen EADDRINUSE: address already in use :::9001
    at Server.setupListenHandle [as _listen2] (node:net:1912:16)
    at listenInCluster (node:net:1969:12)
    at Server.listen (node:net:2074:7)
    at internalStart (/Users/User/daw-store/backend/node_modules/@medusajs/medusa/src/commands/start.ts:306:15)
    at async start (/Users/User/daw-store/backend/node_modules/@medusajs/medusa/src/commands/start.ts:405:12) {
  code: 'EADDRINUSE',
  errno: -48,
  syscall: 'listen',
  address: '::',
  port: 9001
}
[32minfo[39m:    [Watcher] modified src/api/store/orders/route.ts modified: restarting dev server
[32minfo[39m:    Gracefully shutting down server
[32minfo[39m:    [Watcher] Reloaded in 24.61ms
[32minfo[39m:    redisUrl not found. A fake redis instance will be used.
- Creating server
[32minfo[39m:    redisUrl not found. A fake redis instance will be used.
[32minfo[39m:    Skipping instrumentation registration. No register function found.
[32minfo[39m:    redisUrl not found. A fake redis instance will be used.
[32minfo[39m:    No link to load from /Users/User/daw-store/backend/node_modules/@medusajs/draft-order/.medusa/server/src/links. skipped.
[33mwarn[39m:    Local Event Bus installed. This is not recommended for production.
[32minfo[39m:    Locking module: Using "in-memory" as default.
[32minfo[39m:    No workflow to load from /Users/User/daw-store/backend/node_modules/@medusajs/draft-order/.medusa/server/src/workflows. skipped.
[32minfo[39m:    No subscriber to load from /Users/User/daw-store/backend/node_modules/@medusajs/draft-order/.medusa/server/src/subscribers. skipped.
[32minfo[39m:    No job to load from /Users/User/daw-store/backend/node_modules/@medusajs/medusa/dist/jobs. skipped.
[32minfo[39m:    No job to load from /Users/User/daw-store/backend/node_modules/@medusajs/draft-order/.medusa/server/src/jobs. skipped.
Error: listen EADDRINUSE: address already in use :::9001
    at Server.setupListenHandle [as _listen2] (node:net:1912:16)
    at listenInCluster (node:net:1969:12)
    at Server.listen (node:net:2074:7)
    at internalStart (/Users/User/daw-store/backend/node_modules/@medusajs/medusa/src/commands/start.ts:306:15)
    at async start (/Users/User/daw-store/backend/node_modules/@medusajs/medusa/src/commands/start.ts:405:12) {
  code: 'EADDRINUSE',
  errno: -48,
  syscall: 'listen',
  address: '::',
  port: 9001
}
[32minfo[39m:    [Watcher] modified src/api/store/orders/route.ts modified: restarting dev server
[32minfo[39m:    Gracefully shutting down server
[32minfo[39m:    [Watcher] Reloaded in 8.69ms
[32minfo[39m:    redisUrl not found. A fake redis instance will be used.
- Creating server
[32minfo[39m:    redisUrl not found. A fake redis instance will be used.
[32minfo[39m:    Skipping instrumentation registration. No register function found.
[32minfo[39m:    redisUrl not found. A fake redis instance will be used.
[32minfo[39m:    No link to load from /Users/User/daw-store/backend/node_modules/@medusajs/draft-order/.medusa/server/src/links. skipped.
[33mwarn[39m:    Local Event Bus installed. This is not recommended for production.
[32minfo[39m:    Locking module: Using "in-memory" as default.
[32minfo[39m:    No workflow to load from /Users/User/daw-store/backend/node_modules/@medusajs/draft-order/.medusa/server/src/workflows. skipped.
[32minfo[39m:    No subscriber to load from /Users/User/daw-store/backend/node_modules/@medusajs/draft-order/.medusa/server/src/subscribers. skipped.
[32minfo[39m:    No job to load from /Users/User/daw-store/backend/node_modules/@medusajs/medusa/dist/jobs. skipped.
[32minfo[39m:    No job to load from /Users/User/daw-store/backend/node_modules/@medusajs/draft-order/.medusa/server/src/jobs. skipped.
Error: listen EADDRINUSE: address already in use :::9001
    at Server.setupListenHandle [as _listen2] (node:net:1912:16)
    at listenInCluster (node:net:1969:12)
    at Server.listen (node:net:2074:7)
    at internalStart (/Users/User/daw-store/backend/node_modules/@medusajs/medusa/src/commands/start.ts:306:15)
    at async start (/Users/User/daw-store/backend/node_modules/@medusajs/medusa/src/commands/start.ts:405:12) {
  code: 'EADDRINUSE',
  errno: -48,
  syscall: 'listen',
  address: '::',
  port: 9001
}
[32minfo[39m:    [Watcher] modified src/api/store/admin-orders/[id]/route.ts modified: restarting dev server
[32minfo[39m:    Gracefully shutting down server
[32minfo[39m:    [Watcher] Reloaded in 34.56ms
[32minfo[39m:    redisUrl not found. A fake redis instance will be used.
- Creating server
[32minfo[39m:    redisUrl not found. A fake redis instance will be used.
[32minfo[39m:    Skipping instrumentation registration. No register function found.
[32minfo[39m:    redisUrl not found. A fake redis instance will be used.
[32minfo[39m:    No link to load from /Users/User/daw-store/backend/node_modules/@medusajs/draft-order/.medusa/server/src/links. skipped.
[33mwarn[39m:    Local Event Bus installed. This is not recommended for production.
[32minfo[39m:    Locking module: Using "in-memory" as default.
[32minfo[39m:    No workflow to load from /Users/User/daw-store/backend/node_modules/@medusajs/draft-order/.medusa/server/src/workflows. skipped.
[32minfo[39m:    No subscriber to load from /Users/User/daw-store/backend/node_modules/@medusajs/draft-order/.medusa/server/src/subscribers. skipped.
[32minfo[39m:    No job to load from /Users/User/daw-store/backend/node_modules/@medusajs/medusa/dist/jobs. skipped.
[32minfo[39m:    No job to load from /Users/User/daw-store/backend/node_modules/@medusajs/draft-order/.medusa/server/src/jobs. skipped.
Error: listen EADDRINUSE: address already in use :::9001
    at Server.setupListenHandle [as _listen2] (node:net:1912:16)
    at listenInCluster (node:net:1969:12)
    at Server.listen (node:net:2074:7)
    at internalStart (/Users/User/daw-store/backend/node_modules/@medusajs/medusa/src/commands/start.ts:306:15)
    at async start (/Users/User/daw-store/backend/node_modules/@medusajs/medusa/src/commands/start.ts:405:12) {
  code: 'EADDRINUSE',
  errno: -48,
  syscall: 'listen',
  address: '::',
  port: 9001
}
[32minfo[39m:    [Watcher] modified src/api/store/admin-products/route.ts modified: restarting dev server
[32minfo[39m:    [Watcher] Reloaded in 14.78ms
[32minfo[39m:    Gracefully shutting down server
[32minfo[39m:    redisUrl not found. A fake redis instance will be used.
- Creating server
[32minfo[39m:    redisUrl not found. A fake redis instance will be used.
[32minfo[39m:    Skipping instrumentation registration. No register function found.
[32minfo[39m:    redisUrl not found. A fake redis instance will be used.
[32minfo[39m:    No link to load from /Users/User/daw-store/backend/node_modules/@medusajs/draft-order/.medusa/server/src/links. skipped.
[33mwarn[39m:    Local Event Bus installed. This is not recommended for production.
[32minfo[39m:    Locking module: Using "in-memory" as default.
[32minfo[39m:    No workflow to load from /Users/User/daw-store/backend/node_modules/@medusajs/draft-order/.medusa/server/src/workflows. skipped.
[32minfo[39m:    No subscriber to load from /Users/User/daw-store/backend/node_modules/@medusajs/draft-order/.medusa/server/src/subscribers. skipped.
[32minfo[39m:    No job to load from /Users/User/daw-store/backend/node_modules/@medusajs/medusa/dist/jobs. skipped.
[32minfo[39m:    No job to load from /Users/User/daw-store/backend/node_modules/@medusajs/draft-order/.medusa/server/src/jobs. skipped.
Error: listen EADDRINUSE: address already in use :::9001
    at Server.setupListenHandle [as _listen2] (node:net:1912:16)
    at listenInCluster (node:net:1969:12)
    at Server.listen (node:net:2074:7)
    at internalStart (/Users/User/daw-store/backend/node_modules/@medusajs/medusa/src/commands/start.ts:306:15)
    at async start (/Users/User/daw-store/backend/node_modules/@medusajs/medusa/src/commands/start.ts:405:12) {
  code: 'EADDRINUSE',
  errno: -48,
  syscall: 'listen',
  address: '::',
  port: 9001
}
1/ (204) - 1.400 ms
[32mhttp[39m:    GET /store/admin-orders ← http://localhost:3001/ (304) - 10.427 ms
[32mhttp[39m:    GET /store/admin-orders ← http://localhost:3001/ (304) - 7.442 ms
[32mhttp[39m:    GET /store/admin-orders ← http://localhost:3001/ (304) - 10.351 ms
[32mhttp[39m:    GET /store/admin-orders ← http://localhost:3001/ (304) - 7.676 ms
[32mhttp[39m:    OPTIONS /store/admin-products?limit=200 ← http://localhost:3001/ (204) - 0.974 ms
[32mhttp[39m:    OPTIONS /store/admin-products?limit=200 ← http://localhost:3001/ (204) - 0.915 ms
[32mhttp[39m:    GET /store/admin-orders ← http://localhost:3001/ (304) - 19.674 ms
[32mhttp[39m:    GET /store/admin-orders ← http://localhost:3001/ (304) - 23.723 ms
[32mhttp[39m:    GET /store/admin-products?limit=200 ← http://localhost:3001/ (304) - 60.488 ms
[32mhttp[39m:    GET /store/admin-products?limit=200 ← http://localhost:3001/ (304) - 30.374 ms
[32mhttp[39m:    OPTIONS /store/admin-settings ← http://localhost:3000/ (204) - 0.405 ms
[32mhttp[39m:    OPTIONS /store/admin-settings ← http://localhost:3000/ (204) - 0.434 ms
[32mhttp[39m:    GET /store/admin-settings ← http://localhost:3000/ (304) - 14.512 ms
[32mhttp[39m:    OPTIONS /store/admin-products ← http://localhost:3000/ (204) - 0.898 ms
[32mhttp[39m:    GET /store/admin-settings ← http://localhost:3000/ (304) - 14.758 ms
[32mhttp[39m:    GET /store/admin-products ← http://localhost:3000/ (304) - 34.237 ms
[32mhttp[39m:    GET /store/admin-products ← http://localhost:3000/ (304) - 30.075 ms
[32mhttp[39m:    OPTIONS /store/newsletter ← http://localhost:3000/ (204) - 0.507 ms
[32mhttp[39m:    POST /store/newsletter ← http://localhost:3000/ (200) - 43.896 ms
[32mhttp[39m:    OPTIONS /store/newsletter ← http://localhost:3001/ (204) - 0.342 ms
[32mhttp[39m:    OPTIONS /store/newsletter ← http://localhost:3001/ (204) - 0.307 ms
[32mhttp[39m:    GET /store/newsletter ← http://localhost:3001/ (200) - 9.469 ms
[32mhttp[39m:    GET /store/newsletter ← http://localhost:3001/ (304) - 7.506 ms
[32mhttp[39m:    OPTIONS /store/admin-orders ← http://localhost:3001/ (204) - 0.359 ms
[32mhttp[39m:    OPTIONS /store/admin-products?limit=200 ← http://localhost:3001/ (204) - 0.418 ms
[32mhttp[39m:    OPTIONS /store/admin-orders ← http://localhost:3001/ (204) - 0.318 ms
[32mhttp[39m:    OPTIONS /store/admin-products?limit=200 ← http://localhost:3001/ (204) - 0.315 ms
[32mhttp[39m:    GET /store/admin-orders ← http://localhost:3001/ (304) - 17.388 ms
[32mhttp[39m:    GET /store/admin-orders ← http://localhost:3001/ (304) - 11.973 ms
[32mhttp[39m:    GET /store/admin-products?limit=200 ← http://localhost:3001/ (304) - 35.435 ms
[32mhttp[39m:    GET /store/admin-products?limit=200 ← http://localhost:3001/ (304) - 28.649 ms
[32mhttp[39m:    OPTIONS /store/admin-settings ← http://lo[32minfo[39m:    [Watcher] modified src/api/store/orders/route.ts modified: restarting dev server
[32minfo[39m:    Gracefully shutting down server
[32minfo[39m:    [Watcher] Reloaded in 33.03ms
[32minfo[39m:    redisUrl not found. A fake redis instance will be used.
- Creating server
[32minfo[39m:    redisUrl not found. A fake redis instance will be used.
[32minfo[39m:    Skipping instrumentation registration. No register function found.
[32minfo[39m:    redisUrl not found. A fake redis instance will be used.
[32minfo[39m:    No link to load from /Users/User/daw-store/backend/node_modules/@medusajs/draft-order/.medusa/server/src/links. skipped.
[33mwarn[39m:    Local Event Bus installed. This is not recommended for production.
[32minfo[39m:    Locking module: Using "in-memory" as default.
[32minfo[39m:    No workflow to load from /Users/User/daw-store/backend/node_modules/@medusajs/draft-order/.medusa/server/src/workflows. skipped.
[32minfo[39m:    No subscriber to load from /Users/User/daw-store/backend/node_modules/@medusajs/draft-order/.medusa/server/src/subscribers. skipped.
[32minfo[39m:    No job to load from /Users/User/daw-store/backend/node_modules/@medusajs/medusa/dist/jobs. skipped.
[32minfo[39m:    No job to load from /Users/User/daw-store/backend/node_modules/@medusajs/draft-order/.medusa/server/src/jobs. skipped.
[31merror[39m:   Error starting server
[31merror[39m:   ENOENT: no such file or directory, open '/Users/User/daw-store/backend/.medusa/types/modules-bindings.d.ts'
Error: ENOENT: no such file or directory, open '/Users/User/daw-store/backend/.medusa/types/modules-bindings.d.ts'
    at async open (node:internal/fs/promises:638:25)
    at async writeFile (node:internal/fs/promises:1208:14)
    at async generateContainerTypes (/Users/User/daw-store/backend/node_modules/@medusajs/utils/src/modules-sdk/modules-to-container-types.ts:142:3)
    at async internalStart (/Users/User/daw-store/backend/node_modules/@medusajs/medusa/src/commands/start.ts:282:9)
    at async start (/Users/User/daw-store/backend/node_modules/@medusajs/medusa/src/commands/start.ts:405:12) {
  errno: -2,
  code: 'ENOENT',
  syscall: 'open',
  path: '/Users/User/daw-store/backend/.medusa/types/modules-bindings.d.ts'
}
[32minfo[39m:    [Watcher] modified src/api/store/orders/route.ts modified: restarting dev server
[32minfo[39m:    [Watcher] Reloaded in 22.23ms
[32minfo[39m:    redisUrl not found. A fake redis instance will be used.
- Creating server
[32minfo[39m:    redisUrl not found. A fake redis instance will be used.
[32minfo[39m:    Skipping instrumentation registration. No register function found.
[32minfo[39m:    redisUrl not found. A fake redis instance will be used.
[32minfo[39m:    No link to load from /Users/User/daw-store/backend/node_modules/@medusajs/draft-order/.medusa/server/src/links. skipped.
[33mwarn[39m:    Local Event Bus installed. This is not recommended for production.
[32minfo[39m:    Locking module: Using "in-memory" as default.
[32minfo[39m:    No workflow to load from /Users/User/daw-store/backend/node_modules/@medusajs/draft-order/.medusa/server/src/workflows. skipped.
[32minfo[39m:    No subscriber to load from /Users/User/daw-store/backend/node_modules/@medusajs/draft-order/.medusa/server/src/subscribers. skipped.
[32minfo[39m:    No job to load from /Users/User/daw-store/backend/node_modules/@medusajs/medusa/dist/jobs. skipped.
[32minfo[39m:    No job to load from /Users/User/daw-store/backend/node_modules/@medusajs/draft-order/.medusa/server/src/jobs. skipped.
Error: listen EADDRINUSE: address already in use :::9001
    at Server.setupListenHandle [as _listen2] (node:net:1912:16)
    at listenInCluster (node:net:1969:12)
    at Server.listen (node:net:2074:7)
    at internalStart (/Users/User/daw-store/backend/node_modules/@medusajs/medusa/src/commands/start.ts:306:15)
    at async start (/Users/User/daw-store/backend/node_modules/@medusajs/medusa/src/commands/start.ts:405:12) {
  code: 'EADDRINUSE',
  errno: -48,
  syscall: 'listen',
  address: '::',
  port: 9001
}
[32minfo[39m:    [Watcher] modified src/api/store/orders/route.ts modified: restarting dev server
[32minfo[39m:    Gracefully shutting down server
[32minfo[39m:    [Watcher] Reloaded in 11.84ms
[32minfo[39m:    redisUrl not found. A fake redis instance will be used.
- Creating server
[32minfo[39m:    redisUrl not found. A fake redis instance will be used.
[32minfo[39m:    Skipping instrumentation registration. No register function found.
[32minfo[39m:    redisUrl not found. A fake redis instance will be used.
[32minfo[39m:    No link to load from /Users/User/daw-store/backend/node_modules/@medusajs/draft-order/.medusa/server/src/links. skipped.
[33mwarn[39m:    Local Event Bus installed. This is not recommended for production.
[32minfo[39m:    Locking module: Using "in-memory" as default.
[32minfo[39m:    No workflow to load from /Users/User/daw-store/backend/node_modules/@medusajs/draft-order/.medusa/server/src/workflows. skipped.
[32minfo[39m:    No subscriber to load from /Users/User/daw-store/backend/node_modules/@medusajs/draft-order/.medusa/server/src/subscribers. skipped.
[32minfo[39m:    No job to load from /Users/User/daw-store/backend/node_modules/@medusajs/medusa/dist/jobs. skipped.
[32minfo[39m:    No job to load from /Users/User/daw-store/backend/node_modules/@medusajs/draft-order/.medusa/server/src/jobs. skipped.
Error: listen EADDRINUSE: address already in use :::9001
    at Server.setupListenHandle [as _listen2] (node:net:1912:16)
    at listenInCluster (node:net:1969:12)
    at Server.listen (node:net:2074:7)
    at internalStart (/Users/User/daw-store/backend/node_modules/@medusajs/medusa/src/commands/start.ts:306:15)
    at async start (/Users/User/daw-store/backend/node_modules/@medusajs/medusa/src/commands/start.ts:405:12) {
  code: 'EADDRINUSE',
  errno: -48,
  syscall: 'listen',
  address: '::',
  port: 9001
}
[32minfo[39m:    [Watcher] modified src/api/store/admin-orders/[id]/route.ts modified: restarting dev server
[32minfo[39m:    Gracefully shutting down server
[32minfo[39m:    [Watcher] Reloaded in 26.63ms
[32minfo[39m:    redisUrl not found. A fake redis instance will be used.
- Creating server
[32minfo[39m:    redisUrl not found. A fake redis instance will be used.
[32minfo[39m:    Skipping instrumentation registration. No register function found.
[32minfo[39m:    redisUrl not found. A fake redis instance will be used.
[32minfo[39m:    No link to load from /Users/User/daw-store/backend/node_modules/@medusajs/draft-order/.medusa/server/src/links. skipped.
[33mwarn[39m:    Local Event Bus installed. This is not recommended for production.
[32minfo[39m:    Locking module: Using "in-memory" as default.
[32minfo[39m:    No workflow to load from /Users/User/daw-store/backend/node_modules/@medusajs/draft-order/.medusa/server/src/workflows. skipped.
[32minfo[39m:    No subscriber to load from /Users/User/daw-store/backend/node_modules/@medusajs/draft-order/.medusa/server/src/subscribers. skipped.
[32minfo[39m:    No job to load from /Users/User/daw-store/backend/node_modules/@medusajs/medusa/dist/jobs. skipped.
[32minfo[39m:    No job to load from /Users/User/daw-store/backend/node_modules/@medusajs/draft-order/.medusa/server/src/jobs. skipped.
✔ Server is ready on port: 9001 – 19408ms
[32minfo[39m:    Admin URL → http://localhost:9001/app
[32mhttp[39m:    OPTIONS /store/admin-orders ← http://localhost:3001/ (204) - 9.065 ms
[32mhttp[39m:    OPTIONS /store/admin-orders ← http://localhost:3001/ (204) - 0.652 ms
[32mhttp[39m:    GET /store/admin-orders ← http://localhost:3001/ (304) - 36.728 ms
[32mhttp[39m:    GET /store/admin-orders ← http://localhost:3001/ (304) - 10.192 ms
[32mhttp[39m:    OPTIONS /store/admin-settings ← http://localhost:3000/ (204) - 1.475 ms
[32mhttp[39m:    OPTIONS /store/admin-settings ← http://localhost:3000/ (204) - 0.490 ms
[32mhttp[39m:    GET /store/admin-settings ← http://localhost:3000/ (304) - 16.796 ms
[32mhttp[39m:    OPTIONS /store/admin-products ← http://localhost:3000/ (204) - 1.166 ms
[32mhttp[39m:    GET /store/admin-settings ← http://localhost:3000/ (304) - 14.635 ms
[32mhttp[39m:    GET /store/admin-products ← http://localhost:3000/ (304) - 67.920 ms
[32mhttp[39m:    OPTIONS /store/admin-orders ← http://localhost:3000/ (204) - 0.380 ms
[32mhttp[39m:    OPTIONS /store/admin-orders ← http://localhost:3000/ (204) - 0.734 ms
[32mhttp[39m:    GET /store/admin-orders ← http://localhost:3000/ (304) - 9.134 ms
[32mhttp[39m:    GET /store/admin-orders ← http://localhost:3000/ (304) - 7.331 ms
[32mhttp[39m:    OPTIONS /store/admin-orders ← http://localhost:3000/ (204) - 0.381 ms
[32mhttp[39m:    GET /store/admin-orders ← http://localhost:3000/ (304) - 8.384 ms
[32mhttp[39m:    OPTIONS /store/admin-settings ← http://localhost:3000/ (204) - 0.459 ms
[32mhttp[39m:    OPTIONS /store/admin-settings ← http://localhost:3000/ (204) - 0.882 ms
[32mhttp[39m:    GET /store/admin-settings ← http://localhost:3000/ (304) - 10.057 ms
[32mhttp[39m:    OPTIONS /store/admin-products ← http://localhost:3000/ (204) - 0.312 ms
[32mhttp[39m:    GET /store/admin-settings ← http://localhost:3000/ (304) - 8.591 ms
[32mhttp[39m:    GET /store/admin-products ← http://localhost:3000/ (304) - 29.709 ms
[32mhttp[39m:    GET /store/admin-products ← http://localhost:3000/ (304) - 27.399 ms
[32mhttp[39m:    OPTIONS /store/admin-settings ← http://localhost:3000/ (204) - 1.049 ms
[32mhttp[39m:    GET /store/admin-settings ← http://localhost:3000/ (304) - 8.934 ms
[32mhttp[39m:    GET /store/admin-settings ← http://localhost:3000/ (304) - 6.918 ms
[32mhttp[39m:    OPTIONS /store/admin-products ← http://localhost:3000/ (204) - 0.354 ms
[32mhttp[39m:    OPTIONS /store/admin-products ← http://localhost:3000/ (204) - 0.354 ms
[32mhttp[39m:    GET /store/admin-products ← http://localhost:3000/ (304) - 25.207 ms
[32mhttp[39m:    GET /store/admin-products ← http://localhost:3000/ (304) - 27.212 ms
[32mhttp[39m:    OPTIONS /store/admin-orders ← http://localhost:3000/ (204) - 0.383 ms
[32mhttp[39m:    OPTIONS /store/admin-orders ← http://localhost:3000/ (204) - 0.267 ms
[32mhttp[39m:    GET /store/admin-orders ← http://localhost:3000/ (304) - 8.919 ms
[32mhttp[39m:    GET /store/admin-orders ← http://localhost:3000/ (304) - 6.865 ms
[32mhttp[39m:    OPTIONS /store/admin-orders/ORD-1767921843833 ← http://localhost:3001/ (204) - 0.608 ms
[32mhttp[39m:    DELETE /store/admin-orders/ORD-1767921843833 ← http://localhost:3001/ (200) - 36.277 ms
[32mhttp[39m:    OPTIONS /store/admin-orders ← http://localhost:3001/ (204) - 0.305 ms
[32mhttp[39m:    GET /store/admin-orders ← http://localhost:3001/ (200) - 6.044 ms
[32mhttp[39m:    OPTIONS /store/admin-orders ← http://localhost:3000/ (204) - 0.350 ms
[32mhttp[39m:    OPTIONS /store/admin-settings ← http://localhost:3000/ (204) - 0.266 ms
[32mhttp[39m:    GET /store/admin-orders ← http://localhost:3000/ (304) - 9.945 ms
[32mhttp[39m:    GET /store/admin-settings ← http://localhost:3000/ (304) - 10.428 ms
[32mhttp[39m:    OPTIONS /store/admin-orders/ORD-1767922607237 ← http://localhost:3001/ (204) - 1.131 ms
[32mhttp[39m:    POST /store/admin-orders/ORD-1767922607237 ← http://localhost:3001/ (200) - 32.638 ms
[32mhttp[39m:    OPTIONS /store/admin-orders ← http://localhost:3001/ (204) - 0.278 ms
[32mhttp[39m:    GET /store/admin-orders ← http://localhost:3001/ (200) - 5.970 ms
[32mhttp[39m:    OPTIONS /store/admin-orders ← http://localhost:3000/ (204) - 0.565 ms
[32mhttp[39m:    OPTIONS /store/admin-settings ← http://localhost:3000/ (204) - 0.598 ms
[32mhttp[39m:    GET /store/admin-orders ← http://localhost:3000/ (304) - 24.399 ms
[32mhttp[39m:    GET /store/admin-settings ← http://localhost:3000/ (304) - 33.427 ms
[32mhttp[39m:    OPTIONS /store/admin-orders ← http://localhost:3001/ (204) - 0.676 ms
[32mhttp[39m:    OPTIONS /store/admin-products?limit=200 ← http://localhost:3001/ (204) - 1.732 ms
[32mhttp[39m:    OPTIONS /store/admin-orders ← http://localhost:3001/ (204) - 0.316 ms
[32mhttp[39m:    OPTIONS /store/admin-products?limit=200 ← http://localhost:3001/ (204) - 0.472 ms
[32mhttp[39m:    GET /store/admin-orders ← http://localhost:3001/ (304) - 12.384 ms
[32mhttp[39m:    GET /store/admin-orders ← http://localhost:3001/ (304) - 11.772 ms
[32mhttp[39m:    GET /store/admin-products?limit=200 ← http://localhost:3001/ (304) - 34.681 ms
[32mhttp[39m:    GET /store/admin-products?limit=200 ← http://localhost:3001/ (304) - 25.078 ms
[32mhttp[39m:    OPTIONS /store/admin-products?limit=200 ← http://localhost:3001/ (204) - 0.359 ms
[32mhttp[39m:    OPTIONS /store/product-categories?limit=200 ← http://localhost:3001/ (204) - 0.693 ms
[32mhttp[39m:    OPTIONS /store/admin-settings ← http://localhost:3001/ (204) - 0.580 ms
[32mhttp[39m:    OPTIONS /store/admin-settings ← http://localhost:3001/ (204) - 0.511 ms
[32mhttp[39m:    OPTIONS /store/admin-products?limit=200 ← http://localhost:3001/ (204) - 1.047 ms
[32mhttp[39m:    OPTIONS /store/product-categories?limit=200 ← http://localhost:3001/ (204) - 0.597 ms
[32mhttp[39m:    GET /store/admin-settings ← http://localhost:3001/ (304) - 26.414 ms
[32mhttp[39m:    GET /store/product-categories?limit=200 ← http://localhost:3001/ (304) - 32.541 ms
[32mhttp[39m:    GET /store/product-categories?limit=200 ← http://localhost:3001/ (304) - 18.346 ms
[32mhttp[39m:    GET /store/admin-settings ← http://localhost:3001/ (304) - 27.735 ms
[32mhttp[39m:    GET /store/admin-products?limit=200 ← http://localhost:3001/ (304) - 80.162 ms
[32mhttp[39m:    GET /store/admin-products?limit=200 ← http://localhost:3001/ (304) - 140.240 ms
[32mhttp[39m:    OPTIONS /store/admin-orders ← http://localhost:3001/ (204) - 0.315 ms
[32mhttp[39m:    OPTIONS /store/admin-orders ← http://localhost:3001/ (204) - 0.274 ms
[32mhttp[39m:    GET /store/admin-orders ← http://localhost:3001/ (304) - 8.238 ms
[32mhttp[39m:    GET /store/admin-orders ← http://localhost:3001/ (304) - 7.404 ms
[32mhttp[39m:    GET /store/admin-orders ← http://localhost:3001/ (304) - 18.095 ms
[32mhttp[39m:    GET /store/admin-orders ← http://localhost:3001/ (304) - 7.395 ms
[32mhttp[39m:    OPTIONS /store/newsletter ← http://localhost:3001/ (204) - 0.508 ms
[32mhttp[39m:    OPTIONS /store/newsletter ← http://localhost:3001/ (204) - 0.303 ms
[32mhttp[39m:    GET /store/newsletter ← http://localhost:3001/ (304) - 8.477 ms
[32mhttp[39m:    GET /store/newsletter ← http://localhost:3001/ (304) - 13.559 ms
[32mhttp[39m:    OPTIONS /store/admin-settings ← http://localhost:3001/ (204) - 0.326 ms
[32mhttp[39m:    OPTIONS /store/admin-settings ← http://localhost:3001/ (204) - 0.237 ms
[32mhttp[39m:    GET /store/admin-settings ← http://localhost:3001/ (304) - 7.384 ms
[32mhttp[39m:    GET /store/admin-se[32minfo[39m:    [Watcher] modified src/api/store/admin-products/route.ts modified: restarting dev server
[32minfo[39m:    [Watcher] Reloaded in 23.89ms
[32minfo[39m:    Gracefully shutting down server
[32minfo[39m:    redisUrl not found. A fake redis instance will be used.
- Creating server
[32minfo[39m:    redisUrl not found. A fake redis instance will be used.
[32minfo[39m:    Skipping instrumentation registration. No register function found.
[32minfo[39m:    redisUrl not found. A fake redis instance will be used.
[32minfo[39m:    No link to load from /Users/User/daw-store/backend/node_modules/@medusajs/draft-order/.medusa/server/src/links. skipped.
[33mwarn[39m:    Local Event Bus installed. This is not recommended for production.
[32minfo[39m:    Locking module: Using "in-memory" as default.
[32minfo[39m:    No workflow to load from /Users/User/daw-store/backend/node_modules/@medusajs/draft-order/.medusa/server/src/workflows. skipped.
[32minfo[39m:    No subscriber to load from /Users/User/daw-store/backend/node_modules/@medusajs/draft-order/.medusa/server/src/subscribers. skipped.
[32minfo[39m:    No job to load from /Users/User/daw-store/backend/node_modules/@medusajs/medusa/dist/jobs. skipped.
[32minfo[39m:    No job to load from /Users/User/daw-store/backend/node_modules/@medusajs/draft-order/.medusa/server/src/jobs. skipped.
Error: listen EADDRINUSE: address already in use :::9001
    at Server.setupListenHandle [as _listen2] (node:net:1912:16)
    at listenInCluster (node:net:1969:12)
    at Server.listen (node:net:2074:7)
    at internalStart (/Users/User/daw-store/backend/node_modules/@medusajs/medusa/src/commands/start.ts:306:15)
    at async start (/Users/User/daw-store/backend/node_modules/@medusajs/medusa/src/commands/start.ts:405:12) {
  code: 'EADDRINUSE',
  errno: -48,
  syscall: 'listen',
  address: '::',
  port: 9001
}
- 7.491 ms
[32mhttp[39m:    GET /store/admin-products ← http://localhost:3000/ (304) - 21.077 ms
[32mhttp[39m:    GET /store/admin-products ← http://localhost:3000/ (304) - 22.480 ms
[32mhttp[39m:    GET /store/admin-settings ← http://localhost:3000/ (304) - 9.696 ms
[32mhttp[39m:    GET /store/admin-settings ← http://localhost:3000/ (304) - 12.397 ms
[32mhttp[39m:    GET /store/admin-products ← http://localhost:3000/ (304) - 23.222 ms
[32mhttp[39m:    GET /store/admin-products ← http://localhost:3000/ (304) - 21.876 ms
[32mhttp[39m:    OPTIONS /store/admin-settings ← http://localhost:3000/ (204) - 0.539 ms
[32mhttp[39m:    OPTIONS /store/admin-settings ← http://localhost:3000/ (204) - 0.300 ms
[32mhttp[39m:    GET /store/admin-settings ← http://localhost:3000/ (304) - 16.441 ms
[32mhttp[39m:    OPTIONS /store/admin-products ← http://localhost:3000/ (204) - 0.453 ms
[32mhttp[39m:    GET /store/admin-settings ← http://localhost:3000/ (304) - 14.882 ms
[32mhttp[39m:    GET /store/admin-products ← http://localhost:3000/ (304) - 57.864 ms
[32mhttp[39m:    GET /store/admin-products ← http://localhost:3000/ (304) - 235.198 ms
[32mhttp[39m:    GET /store/admin-settings ← http://localhost:3000/ (304) - 14.699 ms
[32mhttp[39m:    GET /store/admin-settings ← http://localhost:3000/ (304) - 11.998 ms
[32mhttp[39m:    GET /store/admin-products ← http://localhost:3000/ (304) - 28.128 ms
[32mhttp[39m:    GET /store/admin-products ← http://localhost:3000/ (304) - 23.775 ms
[32mhttp[39m:    OPTIONS /store/admin-settings ← http://localhost:3000/ (204) - 0.653 ms
[32mhttp[39m:    GET /store/admin-settings ← http://localhost:3000/ (304) - 12.016 ms
[32mhttp[39m:    OPTIONS /store/admin-products ← http://localhos[32minfo[39m:    [Watcher] modified src/api/store/admin-products/route.ts modified: restarting dev server
[32minfo[39m:    [Watcher] R[32minfo[39m:    [32minfo[39m:    Gracefully [32minfo[39m:    Gr[32minfo[39m:    redisUrl no[32minfo[39m:    redisUrl not found. A fake- Creating server
[32minfo[39m:    redisUrl no[32minfo[39m:    redisUrl not found. A fake[32minfo[39m:    Skipping in[32minfo[39m:    Skipping instrumentation registration[32minfo[39m:    redisUrl no[32minfo[39m:    redisUrl not found. A fake[32minfo[39m:    No link to [32minfo[39m:    No link to load from /Users/User/daw-store/backend/node_modules/@medusajs/draft-order/.medu[33mwarn[39m:    Local Event Bus installed. This is not recommended for production.
[32minfo[39m:    Locking module: Using "in-memory" as default.
[32minfo[39m:    No workflow to load from /Users/User/daw-store/backend/node_modules/@medusajs/draft-order/.medusa/server/src/workflows. skipped.
[32minfo[39m:    No subscriber to load from /Users/User/daw-store/backend/node_modules/@medusajs/draft-order/.medusa/server/src/subscribers. skipped.
[32minfo[39m:    No job to l[32minfo[39m:    No job to load from /Users/User/daw-store/backend/node_modules/@medusajs/medusa/dist/jobs. skipped.
[32minfo[39m:    No job to load from /Users/User/daw-store/backend/node_modules/@medusajs/draft-order/.medError: listen EADDRINUSE: address already in use :::9001
    at Server.setupListenHandle [as _listen2] (node:net:1912:16)
    at listenInCluster (node:net:1969:12)
    at Server.listen (node:net:2074:7)
    at internalStart (/Users/User/daw-store/backend/node_modules/@medusajs/medusa/src/commands/start.ts:306:15)
    at async start (/Users/User/daw-store/backend/node_modules/@medusajs/medusa/src/commands/start.ts:405:12) {
  code: 'EADDRINUSE',
  errno: -48,
  syscall: 'listen',
  address: '::',
  port: 9001
}
address: '::',
  port: 9001
}
re/admin-products ← http://localhost:3000/ (204) - 0.328 ms
[32mhttp[39m:    GET /store/admin-settings ← http://localhost:3000/ (304) - 10.287 ms
[32mhttp[39m:    GET /store/admin-products ← http://localhost:3000/ (304) - 22.224 ms
[32mhttp[39m:    GET /store/admin-products ← http://localhost:3000/ (304) - 20.107 ms
[32mhttp[39m:    OPTIONS /store/admin-orders ← http://localhost:3001/ (204) - 0.723 ms
[32mhttp[39m:    OPTIONS /store/admin-products?limit=200 ← http://localhost:3001/ (204) - 0.824 ms
[32mhttp[39m:    OPTIONS /store/admin-orders ← http://localhost:3001/ (204) - 1.172 ms
[32mhttp[39m:    OPTIONS /store/admin-products?limit=200 ← http://localhost:3001/ (204) - 0.772 ms
[32mhttp[39m:    GET /store/admin-orders ← http://localhost:3001/ (304) - 84.451 ms
[32mhttp[39m:    GET /store/admin-orders ← http://localhost:3001/ (304) - 42.535 ms
[32mhttp[39m:    GET /store/admin-products?limit=200 ← http://localhost:3001/ (304) - 139.077 m[32minfo[39m:    [Watcher] modified src/api/store/admin-products/route.ts modified: restarting dev server
[32minfo[39m:    [Watcher] Reloaded in 17.10ms
[32minfo[39m:    Gracefully shutting down server
[32minfo[39m:    redisUrl not found. A fake redis instance will be used.
- Creating server
[32minfo[39m:    redisUrl not found. A fake redis instance will be used.
[32minfo[39m:    Skipping instrumentation registration. No register function found.
[32minfo[39m:    redisUrl not found. A fake redis instance will be used.
[32minfo[39m:    No link to load from /Users/User/daw-store/backend/node_modules/@medusajs/draft-order/.medusa/server/src/links. skipped.
[33mwarn[39m:    Local Event Bus installed. This is not recommended for production.
[32minfo[39m:    Locking module: Using "in-memory" as default.
[32minfo[39m:    No workflow to load from /Users/User/daw-store/backend/node_modules/@medusajs/draft-order/.medusa/server/src/workflows. skipped.
[32minfo[39m:    No subscriber to load from /Users/User/daw-store/backend/node_modules/@medusajs/draft-order/.medusa/server/src/subscribers. skipped.
[32minfo[39m:    No job to load from /Users/User/daw-store/backend/node_modules/@medusajs/medusa/dist/jobs. skipped.
[32minfo[39m:    No job to load from /Users/User/daw-store/backend/node_modules/@medusajs/draft-order/.medusa/server/src/jobs. skipped.
Error: listen EADDRINUSE: address already in use :::9001
    at Server.setupListenHandle [as _listen2] (node:net:1912:16)
    at listenInCluster (node:net:1969:12)
    at Server.listen (node:net:2074:7)
    at internalStart (/Users/User/daw-store/backend/node_modules/@medusajs/medusa/src/commands/start.ts:306:15)
    at async start (/Users/User/daw-store/backend/node_modules/@medusajs/medusa/src/commands/start.ts:405:12) {
  code: 'EADDRINUSE',
  errno: -48,
  syscall: 'listen',
  address: '::',
  port: 9001
}
304) - 9.600 ms
[32mhttp[39m:    GET /store/admin-products ← http://localhost:3000/ (304) - 34.198 ms
[32mhttp[39m:    GET /store/admin-products ← http://localhost:3000/ (304) - 25.234 ms
[32mhttp[39m:    GET /store/admin-settings ← http://localhost:3000/ (304) - 11.229 ms
[32mhttp[39m:    GET /store/admin-settings ← http://localhost:3000/ (304) - 9.078 ms
[32mhttp[39m:    GET /store/admin-products ← http://localhost:3000/ (304) - 41.858 ms
[32mhttp[39m:    GET /store/admin-products ← http://localhost:3000/ (304) - 77.866 ms
[32mhttp[39m:    OPTIONS /store/admin-settings ← http://localhost:3000/ (204) - 0.326 ms
[32mhttp[39m:    OPTIONS /store/admin-settings ← http://localhost:3000/ (204) - 0.267 ms
[32mhttp[39m:    GET /store/admin-settings ← http://localhost:3000/ (304) - 9.185 ms
[32mhttp[39m:    OPTIONS /store/admin-products ← http://localhost:3000/ (204) - 0.285 ms
[32mhttp[39m:    GET /store/admin-settings ← http://localhost:3000/ (304) - 12.464 ms
[32mhttp[39m:    GET /store/admin-products ← http://localhost:3000/ (304) - 25.071 ms
[32mhttp[39m:    GET /store/admin-products ← http://localhost:3000/ (304) - 18.909 ms
[32mhttp[39m:    GET /store/admin-settings ← http://localhost:3000/ (304) - 9.095 ms
[32mhttp[39m:    GET /store/admin-settings ← http://localhost:3000/ (304) - 8.779 ms
[32mhttp[39m:    GET /store/admin-products ← http://localhost:3000/ (304) - 18.740 ms
[32mhttp[39m:    GET /store/admin-products ← http://localhost:3000/ (304) - 22.269 ms
[32mhttp[39m:    OPTIONS /store/admin-settings ← http://localhost:3000/ (204) - 0.310 ms
[32mhttp[39m:    OPTIONS /store/admin-settings ← http://localhost:3000/ (204) - 0.271 ms
[32mhttp[39m:    GET /store/admin-settings ← http://localhost:3000/ (304) - 8.485 ms
[32mhttp[39m:    OPTIONS /store/admin-products ← http://localhost:3000/ (204) - 0.295 ms
[32mhttp[39m:    GET /store/admin-settings ← http://localhost:3000/ (304) - 8.728 ms
[32mhttp[39m:    GET /store/admin-products ← http://localhost:3000/ (304) - 22.264 ms
[32mhttp[39m:    GET /store/admin-products ← http://localhost:3000/ (304) - 22.988 ms
[32mhttp[39m:    GET /store/admin-settings ← http://localhost:3000/ (304) - 11.974 ms
[32mhttp[39m:    OPTIONS /store/admin-products/prod_01KEFPYJG5QXCN7F89NHY4TQWY ← http://localhost:3000/ (204) - 5.235 ms
[32mhttp[39m:    GET /store/admin-settings ← http://localhost:3000/ (304) - 14.819 ms
[32mhttp[39m:    GET /store/admin-products/prod_01KEFPYJG5QXCN7F89NHY4TQWY ← http://localhost:3000/ (200) - 28.607 ms
[32mhttp[39m:    GET /store/admin-products/prod_01KEFPYJG5QXCN7F89NHY4TQWY ← http://localhost:3000/ (304) - 16.806 ms
[32mhttp[39m:    OPTIONS /store/admin-settings ← http://localhost:3000/ (204) - 0.349 ms
[32mhttp[39m:    OPTIONS /store/admin-settings ← http://localhost:3000/ (204) - 0.285 ms
[32mhttp[39m:    GET /store/admin-settings ← http://localhost:3000/ (304) - 7.938 ms
[32mhttp[39m:    OPTIONS /store/admin-products ← http://localhost:3000/ (204) - 0.470 ms
[32mhttp[39m:    GET /store/admin-settings ← http://localhost:3000/ (304) - 8.980 ms
[32mhttp[39m:    GET /store/admin-products ← http://localhost:3000/ (304) - 20.114 ms
[32mhttp[39m:    GET /store/admin-products ← http://localhost:3000/ (304) - 18.208 ms
[32mhttp[39m:    OPTIONS /store/admin-settings ← http://localhost:3000/ (204) - 0.348 ms
[32mhttp[39m:    OPTIONS /store/admin-settings ← http://localhost:3000/ (204) - 0.326 ms
[32mhttp[39m:    GET /store/admin-settings ← http://localhost:3000/ (304) - 8.512 ms
[32mhttp[39m:    OPTIONS /store/admin-products ← http://localhost:3000/ (204) - 0.279 ms
[32mhttp[39m:    GET /store/admin-settings ← http://localhost:3000/ (304) - 10.343 ms
[32mhttp[39m:    GET /store/admin-products ← http://localhost:3000/ (304) - 23.594 ms
[32mhttp[39m:    GET /store/admin-products ← http://localhost:3000/ (304) - 24.047 ms
[32mhttp[39m:    GET /store/admin-settings ← http://localhost:3000/ (304) - 7.872 ms
[32mhttp[39m:    GET /store/admin-settings ← http://localhost:3000/ (304) - 10.589 ms
[32mhttp[39m:    GET /store/admin-products ← http://localhost:3000/ (304) - 99.280 ms
[32mhttp[39m:    GET /store/admin-products ← http://localhost:3000/ (304) - 62.916 ms
[32mhttp[39m:    GET /store/admin-settings ← http://localhost:3000/ (304) - 8.306 ms
[32mhttp[39m:    GET /store/admin-settings ← http://localhost:3000/ (304) - 9.986 ms
[32mhttp[39m:    GET /store/admin-products ← http://localhost:3000/ (304) - 22.240 ms
[32mhttp[39m:    GET /store/admin-products ← http://localhost:3000/ (304) - 20.959 ms
[32mhttp[39m:    OPTIONS /store/admin-settings ← http://localhost:3000/ (204) - 0.395 ms
[32mhttp[39m:    OPTIONS /store/admin-settings ← http://localhost:3000/ (204) - 0.443 ms
[32mhttp[39m:    GET /store/admin-settings ← http://localhost:3000/ (304) - 7.547 ms
[32mhttp[39m:    OPTIONS /store/admin-products ← http://localhost:3000/ (204) - 0.254 ms
[32mhttp[39m:    GET /store/admin-settings ← http://localhost:3000/ (304) - 8.531 ms
[32mhttp[39m:    GET /store/admin-products ← http://localhost:3000/ (304) - 22.689 ms
[32mhttp[39m:    GET /store/admin-products ← http://localhost:3000/ (304) - 19.934 ms
[32mhttp[39m:    OPTIONS /store/admin-settings ← http://localhost:3000/ (204) - 0.330 ms
[32mhttp[39m:    OPTIONS /store/admin-settings ← http://localhost:3000/ (204) - 0.705 ms
[32mhttp[39m:    GET /store/admin-settings ← http://localhost:3000/ (304) - 11.102 ms
[32mhttp[39m:    OPTIONS /store/admin-products ← http://localhost:3000/ (204) - 0.480 ms
[32mhttp[39m:    GET /store/admin-settings ← http://localhost:3000/ (304) - 23.365 ms
[32mhttp[39m:    GET /store/admin-products ← http://localhost:3000/ (304) - 54.512 ms
[32mhttp[39m:    GET /store/admin-products ← http://localhost:3000/ (304) - 32.119 ms
[32mhttp[39m:    OPTIONS /store/admin-settings ← http://localhost:3000/ (204) - 0.343 ms
[32mhttp[39m:    OPTIO[32minfo[39m:    [Watcher] modified src/api/store/admin-products/route.ts modified: restarting dev server
[32minfo[39m:    [Watcher] Reloaded in 22.09ms
[32minfo[39m:    Gracefully shutting down server
[32minfo[39m:    redisUrl not found. A fake redis instance will be used.
- Creating server
[32minfo[39m:    redisUrl not found. A fake redis instance will be used.
[32minfo[39m:    Skipping instrumentation registration. No register function found.
[32minfo[39m:    redisUrl not found. A fake redis instance will be used.
[32minfo[39m:    No link to load from /Users/User/daw-store/backend/node_modules/@medusajs/draft-order/.medusa/server/src/links. skipped.
[33mwarn[39m:    Local Event Bus installed. This is not recommended for production.
[32minfo[39m:    Locking module: Using "in-memory" as default.
[32minfo[39m:    No workflow to load from /Users/User/daw-store/backend/node_modules/@medusajs/draft-order/.medusa/server/src/workflows. skipped.
[32minfo[39m:    No subscriber to load from /Users/User/daw-store/backend/node_modules/@medusajs/draft-order/.medusa/server/src/subscribers. skipped.
[32minfo[39m:    No job to load from /Users/User/daw-store/backend/node_modules/@medusajs/medusa/dist/jobs. skipped.
[32minfo[39m:    No job to load from /Users/User/daw-store/backend/node_modules/@medusajs/draft-order/.medusa/server/src/jobs. skipped.
✔ Server is ready on port: 9001 – 25137ms
[32minfo[39m:    Admin URL → http://localhost:9001/app
[32mhttp[39m:    OPTIONS /store/admin-settings ← http://localhost:3000/ (204) - 11.890 ms
[32mhttp[39m:    OPTIONS /store/admin-settings ← http://localhost:3000/ (204) - 0.521 ms
[32mhttp[39m:    GET /store/admin-settings ← http://localhost:3000/ (304) - 33.447 ms
[32mhttp[39m:    OPTIONS /store/admin-products ← http://localhost:3000/ (204) - 0.782 ms
[32mhttp[39m:    GET /store/admin-settings ← http://localhost:3000/ (304) - 12.731 ms
[32mhttp[39m:    GET /store/admin-products ← http://localhost:3000/ (304) - 60.161 ms
00 ← http://localhost:3001/ (204) - 0.528 ms
[32mhttp[39m:    OPTIONS /store/product-categories?limit=200 ← http://localhost:3001/ (204) - 1.066 ms
[32mhttp[39m:    OPTIONS /store/admin-settings ← http://localhost:3001/ (204) - 0.464 ms
[32mhttp[39m:    OPTIONS /store/admin-products?limit=200 ← http://localhost:3001/ (204) - 0.322 ms
[32mhttp[39m:    OPTIONS /store/admin-settings ← http://localhost:3001/ (204) - 0.671 ms
[32mhttp[39m:    GET /store/product-categories?limit=200 ← http://localhost:3001/ (304) - 28.717 ms
[32mhttp[39m:    GET /store/admin-settings ← http://localhost:3001/ (304) - 26.114 ms
[32mhttp[39m:    GET /store/admin-products?limit=200 ← http://localhost:3001/ (304) - 37.994 ms
[32mhttp[39m:    GET /store/admin-settings ← http://localhost:3001/ (304) - 13.285 ms
[32mhttp[39m:    GET /store/product-categories?limit=200 ← http://localhost:3001/ (304) - 25.236 ms
[32mhttp[39m:    GET /store/admin-products?limit=200 ← http://localhost:3001/ (304) - 30.017 ms
[32mhttp[39m:    OPTIONS /store/admin-orders ← http://localhost:3001/ (204) - 0.282 ms
[32mhttp[39m:    OPTIONS /store/admin-orders ← http://localhost:3001/ (204) - 0.194 ms
[32mhttp[39m:    GET /store/admin-orders ← http://localhost:3001/ (304) - 7.439 ms
[32mhttp[39m:    GET /store/admin-orders ← http://localhost:3001/ (304) - 6.887 ms
[32mhttp[39m:    OPTIONS /store/admin-products?limit=200 ← http://localhost:3001/ (204) - 0.333 ms
[32mhttp[39m:    OPTIONS /store/product-categories?limit=200 ← http://localhost:3001/ (204) - 0.237 ms
[32mhttp[39m:    OPTIONS /store/admin-settings ← http://localhost:3001/ (204) - 0.248 ms
[32mhttp[39m:    OPTIONS /store/product-categories?limit=200 ← http://localhost:3001/ (204) - 0.286 ms
[32mhttp[39m:    OPTIONS /store/admin-products?limit=200 ← http://localhost:3001/ (204) - 0.233 ms
[32mhttp[39m:    OPTIONS /store/admin-settings ← http://localhost:3001/ (204) - 0.226 ms
[32mhttp[39m:    GET /store/product-categories?limit=200 ← http://localhost:3001/ (304) - 20.883 ms
[32mhttp[39m:    GET /store/admin-settings ← http://localhost:3001/ (304) - 20.777 ms
[32mhttp[39m:    GET /store/admin-products?limit=200 ← http://localhost:3001/ (304) - 35.542 ms
[32mhttp[39m:    GET /store/product-categories?limit=200 ← http://localhost:3001/ (304) - 22.248 ms
[32mhttp[39m:    GET /store/admin-settings ← http://localhost:3001/ (304) - 21.378 ms
[32mhttp[39m:    GET /store/admin-products?limit=200 ← http://localhost:3001/ (304) - 24.081 ms
[32mhttp[39m:    OPTIONS /store/admin-orders ← http://localhost:3001/ (204) - 0.305 ms
[32mhttp[39m:    OPTIONS /store/admin-orders ← http://localhost:3001/ (204) - 0.201 ms
[32mhttp[39m:    GET /store/admin-orders ← http://localhost:3001/ (304) - 6.922 ms
[32mhttp[39m:    GET /store/admin-orders ← http://localhost:3001/ (304) - 6.438 ms
[32mhttp[39m:    OPTIONS /store/admin-orders ← http://localhost:3001/ (204) - 0.283 ms
[32mhttp[39m:    OPTIONS /store/admin-products?limit=200 ← http://localhost:3001/ (204) - 0.490 ms
[32mhttp[39m:    OPTIONS /store/admin-products?limit=200 ← http://localhost:3001/ (204) - 0.282 ms
[32mhttp[39m:    OPTIONS /store/admin-orders ← http://localhost:3001/ (204) - 0.206 ms
[32mhttp[39m:    GET /store/admin-orders ← http://localhost:3001/ (304) - 38.151 ms
[32mhttp[39m:    GET /store/admin-orders ← http://localhost:3001/ (304) - 52.008 ms
[32mhttp[39m:    GET /store/admin-products?limit=200 ← http://localhost:3001/ (304) - 99.371 ms
[32mhttp[39m:    GET /store/admin-products?limit=200 ← http://localhost:3001/ (304) - 26.869 ms
[32mhttp[39m:    OPTIONS /store/admin-orders ← http://localhost:3001/ (204) - 0.297 ms
[32mhttp[39m:    OPTIONS /store/admin-orders ← http://localhost:3001/ (204) - 0.357 ms
[32mhttp[39m:    GET /store/admin-orders ← http://localhost:3001/ (304) - 7.895 ms
[32mhttp[39m:    GET /store/admin-orders ← http://localhost:3001/ (304) - 6.207 ms
[32mhttp[39m:    OPTIONS /store/admin-settings ← http://localhost:3000/ (204) - 0.576 ms
[32mhttp[39m:    OPTIONS /store/admin-settings ← http://localhost:3000/ (204) - 0.374 ms
[32mhttp[39m:    GET /store/admin-settings ← http://localhost:3000/ (304) - 36.047 ms
[32mhttp[39m:    OPTIONS /store/admin-products ← http://localhost:3000/ (204) - 0.424 ms
[32mhttp[39m:    GET /store/admin-settings ← http://localhost:3000/ (304) - 50.277 ms
[32mhttp[39m:    GET /store/admin-products ← http://localhost:3000/ (304) - 63.012 ms
[32mhttp[39m:    GET /store/admin-products ← http://localhost:3000/ (304) - 34.724 ms
[32mhttp[39m:    OPTIONS /store/admin-settings ← http://localhost:3000/ (204) - 0.333 ms
[32mhttp[39m:    OPTIONS /store/admin-settings ← http://localhost:3000/ (204) - 0.333 ms
[32mhttp[39m:    GET /store/admin-settings ← http://localhost:3000/ (304) - 9.694 ms
[32mhttp[39m:    OPTIONS /store/admin-products ← http://localhost:3000/ (204) - 0.297 ms
[32mhttp[39m:    GET /store/admin-settings ← http://localhost:3000/ (304) - 12.512 ms
[32mhttp[39m:    GET /store/admin-products ← http://localhost:3000/ (304) - 23.247 ms
[32mhttp[39m:    GET /store/admin-products ← http://localhost:3000/ (304) - 25.314 ms
[32mhttp[39m:    OPTIONS /store/admin-settings ← http://localhost:3000/ (204) - 0.425 ms
[32mhttp[39m:    OPTIONS /store/admin-settings ← http://localhost:3000/ (204) - 0.248 ms
[32mhttp[39m:    GET /store/admin-settings ← http://localhost:3000/ (304) - 9.323 ms
[32mhttp[39m:    OPTIONS /store/admin-products ← http://localhost:3000/ (204) - 0.304 ms
[32mhttp[39m:    GET /store/admin-settings ← http://localhost:3000/ (304) - 12.824 ms
[32mhttp[39m:    GET /store/admin-products ← http://localhost:3000/ (304) - 25.543 ms
[32mhttp[39m:    GET /store/admin-products ← http://localhost:3000/ (304) - 28.562 ms
[32mhttp[39m:    OPTIONS /store/newsletter ← http://localhost:3001/ (204) - 0.295 ms
[32mhttp[39m:    OPTIONS /store/newsletter ← http://localhost:3001/ (204) - 0.328 ms
[32mhttp[39m:    GET /store/newsletter ← http://localhost:3001/ (304) - 9.037 ms
[32mhttp[39m:    GET /store/newsletter ← http://localhost:3001/ (304) - 6.155 ms
[32mhttp[39m:    OPTIONS /store/admin-settings ← http://localhost:3001/ (204) - 0.289 ms
[32mhttp[39m:    OPTIONS /store/admin-settings ← http://localhost:3001/ (204) - 0.212 ms
[32mhttp[39m:    GET /store/admin-settings ← http://localhost:3001/ (304) - 7.072 ms
[32mhttp[39m:    GET /store/admin-settings ← http://localhost:3001/ (304) - 6.607 ms
[32mhttp[39m:    OPTIONS /store/admin-orders ← http://localhost:3001/ (204) - 0.379 ms
[32mhttp[39m:    OPTIONS /store/admin-products?limit=200 ← http://localhost:3001/ (204) - 0.533 ms
[32mhttp[39m:    OPTIONS /store/admin-products?limit=200 ← http://localhost:3001/ (204) - 0.272 ms
[32mhttp[39m:    OPTIONS /store/admin-orders ← http://localhost:3001/ (204) - 0.202 ms
[32mhttp[39m:    GET /store/admin-orders ← http://localhost:3001/ (304) - 15.287 ms
[32mhttp[39m:    GET /store/admin-orders ← http://localhost:3001/ (304) - 9.714 ms
[32mhttp[39m:    GET /store/admin-products?limit=200 ← http://localhost:3001/ (304) - 31.159 ms
[32mhttp[39m:    GET /store/admin-products?limit=200 ← http://localhost:3001/ (304) - 33.709 ms
[32mhttp[39m:    OPTIONS /store/newsletter ← http://localhost:3001/ (204) - 0.335 ms
[32mhttp[39m:    OPTIONS /store/newsletter ← http://localhost:3001/ (204) - 0.215 ms
[32mhttp[39m:    GET /store/newsletter ← http://localhost:3001/ (304) - 8.754 ms
[32mhttp[39m:    GET /store/newsletter ← http://localhost:3001/ (304) - 6.581 ms
[32mhttp[39m:    OPTIONS /store/admin-orders ← http://localhost:3001/ (204) - 0.262 ms
[32mhttp[39m:    OPTIONS /store/admin-orders ← http://localhost:3001/ (204) - 0.195 ms
[32mhttp[39m:    GET /store/admin-orders ← http://localhost:3001/ (304) - 7.058 ms
[32mhttp[39m:    GET /store/admin-orders ← http://localhost:3001/ (304) - 7.216 ms
[32mhttp[39m:    GET /store/admin-orders ← http://localhost:3001/ (304) - 6.839 ms
[32mhttp[39m:    GET /store/admin-orders ← http://localhost:3001/ (304) - 6.049 ms
[32mhttp[39m:    OPTIONS /store/admin-products?limit=200 ← http://localhost:3001/ (204) - 0.414 ms
[32mhttp[39m:    OPTIONS /store/product-categories?limit=200 ← http://localhost:3001/ (204) - 0.271 ms
[32mhttp[39m:    OPTIONS /store/admin-products?limit=200 ← http://localhost:3001/ (204) - 0.254 ms
[32mhttp[39m:    OPTIONS /store/admin-settings ← http://localhost:3001/ (204) - 0.210 ms
[32mhttp[39m:    OPTIONS /store/product-categories?limit=200 ← http://localhost:3001/ (204) - 0.438 ms
[32mhttp[39m:    OPTIONS /store/admin-settings ← http://localhost:3001/ (204) - 0.256 ms
[32mhttp[39m:    GET /store/product-categories?limit=200 ← http://localhost:3001/ (304) - 19.347 ms
[32mhttp[39m:    GET /store/admin-settings ← http://localhost:3001/ (304) - 17.480 ms
[32mhttp[39m:    GET /store/admin-settings ← http://localhost:3001/ (304) - 10.529 ms
[32mhttp[39m:    GET /store/product-categories?limit=200 ← http://localhost:3001/ (304) - 18.189 ms
[32mhttp[39m:    GET /store/admin-products?limit=200 ← http://localhost:3001/ (304) - 43.482 ms
[32mhttp[39m:    GET /store/admin-products?limit=200 ← http://localhost:3001/ (304) - 31.775 ms
[32mhttp[39m:    OPTIONS /store/admin-orders ← http://localhost:3001/ (204) - 0.309 ms
[32mhttp[39m:    OPTIONS /store/admin-products?limit=200 ← http://localhost:3001/ (204) - 0.371 ms
[32mhttp[39m:    OPTIONS /store/admin-products?limit=200 ← http://localhost:3001/ (204) - 0.592 ms
[32mhttp[39m:    GET /store/admin-orders ← http://localhost:3001/ (304) - 14.050 ms
[32mhttp[39m:    GET /store/admin-orders ← http://localhost:3001/ (304) - 8.671 ms
[32mhttp[39m:    GET /store/admin-products?limit=200 ← http://localhost:3001/ (304) - 28.450 ms
[32mhttp[39m:    GET /store/admin-products?limit=200 ← http://localhost:3001/ (304) - 22.967 ms
[32mhttp[39m:    OPTIONS /store/admin-settings ← http://localhost:3000/ (204) - 0.400 ms
[32mhttp[39m:    OPTIONS /store/admin-settings ← http://localhost:3000/ (204) - 0.284 ms
[32mhttp[39m:    GET /store/admin-settings ← http://localhost:3000/ (304) - 9.022 ms
[32mhttp[39m:    OPTIONS /store/admin-products ← http://localhost:3000/ (204) - 0.282 ms
[32mhttp[39m:    GET /store/admin-settings ← http://localhost:3000/ (304) - 8.237 ms
[32mhttp[39m:    GET /store/admin-products ← http://localhost:3000/ (304) - 21.134 ms
[32mhttp[39m:    GET /store/admin-products ← http://localhost:3000/ (304) - 27.125 ms
[32mhttp[39m:    GET /store/admin-settings ← http://localhost:3000/ (304) - 7.972 ms
[32mhttp[39m:    GET /store/admin-settings ← http://localhost:3000/ (304) - 12.142 ms
[32mhttp[39m:    GET /store/admin-products ← http://localhost:3000/ (304) - 23.681 ms
[32mhttp[39m:    GET /store/admin-products ← http://localhost:3000/ (304) - 22.377 ms
[32minfo[39m:    [Watcher] modified src/api/store/admin-products/route.ts modified: restarting dev server
[32minfo[39m:    Gracefully shutting down server
[32minfo[39m:    [Watcher] Reloaded in 20.43ms
[32minfo[39m:    redisUrl not found. A fake redis instance will be used.
- Creating server
[32minfo[39m:    redisUrl not found. A fake redis instance will be used.
[32minfo[39m:    Skipping instrumentation registration. No register function found.
[32minfo[39m:    redisUrl not found. A fake redis instance will be used.
[32minfo[39m:    No link to load from /Users/User/daw-store/backend/node_modules/@medusajs/draft-order/.medusa/server/src/links. skipped.
[33mwarn[39m:    Local Event Bus installed. This is not recommended for production.
[32minfo[39m:    Locking module: Using "in-memory" as default.
[32minfo[39m:    No workflow to load from /Users/User/daw-store/backend/node_modules/@medusajs/draft-order/.medusa/server/src/workflows. skipped.
[32minfo[39m:    No subscriber to load from /Users/User/daw-store/backend/node_modules/@medusajs/draft-order/.medusa/server/src/subscribers. skipped.
[32minfo[39m:    No job to load from /Users/User/daw-store/backend/node_modules/@medusajs/medusa/dist/jobs. skipped.
[32minfo[39m:    No job to load from /Users/User/daw-store/backend/node_modules/@medusajs/draft-order/.medusa/server/src/jobs. skipped.
Error: listen EADDRINUSE: address already in use :::9001
    at Server.setupListenHandle [as _listen2] (node:net:1912:16)
    at listenInCluster (node:net:1969:12)
    at Server.listen (node:net:2074:7)
    at internalStart (/Users/User/daw-store/backend/node_modules/@medusajs/medusa/src/commands/start.ts:306:15)
    at async start (/Users/User/daw-store/backend/node_modules/@medusajs/medusa/src/commands/start.ts:405:12) {
  code: 'EADDRINUSE',
  errno: -48,
  syscall: 'listen',
  address: '::',
  port: 9001
}
                                                                                                                                                                                                                                                                                                                                                                                                                                                                                                                                                                                                                                                                                                                                                                                                                                                                                                                                                                                                                                                                                                                                                                                                                                                                                                                                                                                                                                                                                                                                                                                                                                                                                                                                                                                                                                                                                                                                                                                                                                                                                                                                                                                                                                                                                                                                                                                                                                                                                                                                                                                                                                                                                                                                                                                                                                                                                                                                                                                                                                                                                                                                                                                                                                                                                                                                                                                                                                                                                                                                                                                                                                                                                                                                                                                                                                                                                                                                                                                                                                                                                                                                                                                                                                                                                                                                                                                                                                                                                                                                                                                                                                                                                                                                                                                                                                                                                                                                                                                                                                                                                                                                                                                                                                                                                                                                                                                                                                                                                                                                                                                                                                                                                                                                                                                                                                                                                                                                                                                                                                                                                                                                                                                                                                                                                                                                                                                                                                                                                                                                                                                                                                                                                                                                                                                                                                                                                                                                                                                                                                                                                                                                                                                                                                                                                                                                                                                                                                                                                                                                                                                                                                                                                                                                                                                                                                                                                                                                                                                                                                                                                                                                                                                                                                                                                                                                                                                                                                                                                                                                                                                                                                                                                                                                                                                                                                                                                                                                                                                                                                                                                                                                                                                                                                                                                                                                                                                                                                                                                                                                                                                                                                                                                                                                                                                                                                                                                                                                                                                                                                                                                                                                                                                                                                                                                                                                                                                                                                                                                                                                                                                                                                [32minfo[39m:    [Watcher] created src/api/store/newsletter/route.ts created: restarting dev server
[32minfo[39m:    Gracefully shutting down server
[32minfo[39m:    [Watcher] Reloaded in 30.43ms
[32minfo[39m:    redisUrl not found. A fake redis instance will be used.
- Creating server
[32minfo[39m:    redisUrl not found. A fake redis instance will be used.
[32minfo[39m:    Skipping instrumentation registration. No register function found.
[32minfo[39m:    redisUrl not found. A fake redis instance will be used.
[32minfo[39m:    No link to load from /Users/User/daw-store/backend/node_modules/@medusajs/draft-order/.medusa/server/src/links. skipped.
[33mwarn[39m:    Local Event Bus installed. This is not recommended for production.
[32minfo[39m:    Locking module: Using "in-memory" as default.
[32minfo[39m:    No workflow to load from /Users/User/daw-store/backend/node_modules/@medusajs/draft-order/.medusa/server/src/workflows. skipped.
[32minfo[39m:    No subscriber to load from /Users/User/daw-store/backend/node_modules/@medusajs/draft-order/.medusa/server/src/subscribers. skipped.
[32minfo[39m:    No job to load from /Users/User/daw-store/backend/node_modules/@medusajs/medusa/dist/jobs. skipped.
[32minfo[39m:    No job to load from /Users/User/daw-store/backend/node_modules/@medusajs/draft-order/.medusa/server/src/jobs. skipped.
Error: listen EADDRINUSE: address already in use :::9001
    at Server.setupListenHandle [as _listen2] (node:net:1912:16)
    at listenInCluster (node:net:1969:12)
    at Server.listen (node:net:2074:7)
    at internalStart (/Users/User/daw-store/backend/node_modules/@medusajs/medusa/src/commands/start.ts:306:15)
    at async start (/Users/User/daw-store/backend/node_modules/@medusajs/medusa/src/commands/start.ts:405:12) {
  code: 'EADDRINUSE',
  errno: -48,
  syscall: 'listen',
  address: '::',
  port: 9001
}
[32minfo[39m:    [Watcher] modified src/api/store/orders/route.ts modified: restarting dev server
[32minfo[39m:    Gracefully shutting down server
[32minfo[39m:    [Watcher] Reloaded in 33.22ms
[32minfo[39m:    redisUrl not found. A fake redis instance will be used.
- Creating server
[32minfo[39m:    redisUrl not found. A fake redis instance will be used.
[32minfo[39m:    Skipping instrumentation registration. No register function found.
[32minfo[39m:    redisUrl not found. A fake redis instance will be used.
[32minfo[39m:    No link to load from /Users/User/daw-store/backend/node_modules/@medusajs/draft-order/.medusa/server/src/links. skipped.
[32minfo[39m:    Locking module: Using "in-memory" as default.
[33mwarn[39m:    Local Event Bus installed. This is not recommended for production.
[32minfo[39m:    No workflow to load from /Users/User/daw-store/backend/node_modules/@medusajs/draft-order/.medusa/server/src/workflows. skipped.
[32minfo[39m:    No subscriber to load from /Users/User/daw-store/backend/node_modules/@medusajs/draft-order/.medusa/server/src/subscribers. skipped.
[32minfo[39m:    No job to load from /Users/User/daw-store/backend/node_modules/@medusajs/medusa/dist/jobs. skipped.
[32minfo[39m:    No job to load from /Users/User/daw-store/backend/node_modules/@medusajs/draft-order/.medusa/server/src/jobs. skipped.
Error: listen EADDRINUSE: address already in use :::9001
    at Server.setupListenHandle [as _listen2] (node:net:1912:16)
    at listenInCluster (node:net:1969:12)
    at Server.listen (node:net:2074:7)
    at internalStart (/Users/User/daw-store/backend/node_modules/@medusajs/medusa/src/commands/start.ts:306:15)
    at async start (/Users/User/daw-store/backend/node_modules/@medusajs/medusa/src/commands/start.ts:405:12) {
  code: 'EADDRINUSE',
  errno: -48,
  syscall: 'listen',
  address: '::',
  port: 9001
}
[32minfo[39m:    [Watcher] modified src/api/store/orders/route.ts modified: restarting dev server
[32minfo[39m:    Gracefully shutting down server
[32minfo[39m:    [Watcher] Reloaded in 29.77ms
[32minfo[39m:    redisUrl not found. A fake redis instance will be used.
- Creating server
[32minfo[39m:    redisUrl not found. A fake redis instance will be used.
[32minfo[39m:    Skipping instrumentation registration. No register function found.
[32minfo[39m:    redisUrl not found. A fake redis instance will be used.
[32minfo[39m:    No link to load from /Users/User/daw-store/backend/node_modules/@medusajs/draft-order/.medusa/server/src/links. skipped.
[33mwarn[39m:    Local Event Bus installed. This is not recommended for production.
[32minfo[39m:    Locking module: Using "in-memory" as default.
[32minfo[39m:    No workflow to load from /Users/User/daw-store/backend/node_modules/@medusajs/draft-order/.medusa/server/src/workflows. skipped.
[32minfo[39m:    No subscriber to load from /Users/User/daw-store/backend/node_modules/@medusajs/draft-order/.medusa/server/src/subscribers. skipped.
[32minfo[39m:    No job to load from /Users/User/daw-store/backend/node_modules/@medusajs/medusa/dist/jobs. skipped.
[32minfo[39m:    No job to load from /Users/User/daw-store/backend/node_modules/@medusajs/draft-order/.medusa/server/src/jobs. skipped.
[31merror[39m:   Error starting server
[31merror[39m:   ENOENT: no such file or directory, mkdir '/Users/User/daw-store/backend/.medusa/types'
Error: ENOENT: no such file or directory, mkdir '/Users/User/daw-store/backend/.medusa/types'
    at async mkdir (node:internal/fs/promises:857:10)
    at async FileSystem.create (/Users/User/daw-store/backend/node_modules/@medusajs/utils/src/common/file-system.ts:57:5)
    at async generateContainerTypes (/Users/User/daw-store/backend/node_modules/@medusajs/utils/src/modules-sdk/modules-to-container-types.ts:142:3)
    at async internalStart (/Users/User/daw-store/backend/node_modules/@medusajs/medusa/src/commands/start.ts:282:9)
    at async start (/Users/User/daw-store/backend/node_modules/@medusajs/medusa/src/commands/start.ts:405:12) {
  errno: -2,
  code: 'ENOENT',
  syscall: 'mkdir',
  path: '/Users/User/daw-store/backend/.medusa/types'
}
[32minfo[39m:    [Watcher] modified src/api/store/orders/route.ts modified: restarting dev server
[32minfo[39m:    [Watcher] Reloaded in 22.06ms
[32minfo[39m:    redisUrl not found. A fake redis instance will be used.
- Creating server
[32minfo[39m:    redisUrl not found. A fake redis instance will be used.
[32minfo[39m:    Skipping instrumentation registration. No register function found.
[32minfo[39m:    redisUrl not found. A fake redis instance will be used.
[32minfo[39m:    No link to load from /Users/User/daw-store/backend/node_modules/@medusajs/draft-order/.medusa/server/src/links. skipped.
[33mwarn[39m:    Local Event Bus installed. This is not recommended for production.
[32minfo[39m:    Locking module: Using "in-memory" as default.
[32minfo[39m:    No workflow to load from /Users/User/daw-store/backend/node_modules/@medusajs/draft-order/.medusa/server/src/workflows. skipped.
[32minfo[39m:    No subscriber to load from /Users/User/daw-store/backend/node_modules/@medusajs/draft-order/.medusa/server/src/subscribers. skipped.
[32minfo[39m:    No job to load from /Users/User/daw-store/backend/node_modules/@medusajs/medusa/dist/jobs. skipped.
[32minfo[39m:    No job to load from /Users/User/daw-store/backend/node_modules/@medusajs/draft-order/.medusa/server/src/jobs. skipped.
Error: listen EADDRINUSE: address already in use :::9001
    at Server.setupListenHandle [as _listen2] (node:net:1912:16)
    at listenInCluster (node:net:1969:12)
    at Server.listen (node:net:2074:7)
    at internalStart (/Users/User/daw-store/backend/node_modules/@medusajs/medusa/src/commands/start.ts:306:15)
    at async start (/Users/User/daw-store/backend/node_modules/@medusajs/medusa/src/commands/start.ts:405:12) {
  code: 'EADDRINUSE',
  errno: -48,
  syscall: 'listen',
  address: '::',
  port: 9001
}
[32minfo[39m:    [Watcher] modified src/api/store/orders/route.ts modified: restarting dev server
[32minfo[39m:    Gracefully shutting down server
[32minfo[39m:    [Watcher] Reloaded in 8.24ms
[32minfo[39m:    redisUrl not found. A fake redis instance will be used.
- Creating server
[32minfo[39m:    redisUrl not found. A fake redis instance will be used.
[32minfo[39m:    Skipping instrumentation registration. No register function found.
[32minfo[39m:    redisUrl not found. A fake redis instance will be used.
[32minfo[39m:    No link to load from /Users/User/daw-store/backend/node_modules/@medusajs/draft-order/.medusa/server/src/links. skipped.
[33mwarn[39m:    Local Event Bus installed. This is not recommended for production.
[32minfo[39m:    Locking module: Using "in-memory" as default.
[32minfo[39m:    No workflow to load from /Users/User/daw-store/backend/node_modules/@medusajs/draft-order/.medusa/server/src/workflows. skipped.
[32minfo[39m:    No subscriber to load from /Users/User/daw-store/backend/node_modules/@medusajs/draft-order/.medusa/server/src/subscribers. skipped.
[32minfo[39m:    No job to load from /Users/User/daw-store/backend/node_modules/@medusajs/medusa/dist/jobs. skipped.
[32minfo[39m:    No job to load from /Users/User/daw-store/backend/node_modules/@medusajs/draft-order/.medusa/server/src/jobs. skipped.
✔ Server is ready on port: 9001 – 17081ms
[32minfo[39m:    Admin URL → http://localhost:9001/app
[32mhttp[39m:    OPTIONS /store/admin-orders ← http://localhost:3001/ (204) - 4.705 ms
[32mhttp[39m:    OPTIONS /store/admin-orders ← http://localhost:3001/ (204) - 0.513 ms
[32mhttp[39m:    GET /store/admin-orders ← http://localhost:3001/ (304) - 22.599 ms
[32mhttp[39m:    GET /store/admin-orders ← http://localhost:3001/ (304) - 9.203 ms
[32mhttp[39m:    OPTIONS /store/orders?customerKey=token_1767921816521&email=budireddy.krishnakumar%40gmail.com&name=Krishna+Kumar+Budireddy ← http://localhost:3000/ (204) - 0.958 ms
[32mhttp[39m:    OPTIONS /store/admin-settings ← http://localhost:3000/ (204) - 0.849 ms
[32mhttp[39m:    GET /store/orders?customerKey=token_1767921816521&email=budireddy.krishnakumar%40gmail.com&name=Krishna+Kumar+Budireddy ← http://localhost:3000/ (401) - 13.839 ms
[32mhttp[39m:    GET /store/admin-settings ← http://localhost:3000/ (304) - 17.131 ms
[32mhttp[39m:    GET /store/orders?customerKey=token_1767921816521&email=budireddy.krishnakumar%40gmail.com&name=Krishna+Kumar+Budireddy ← http://localhost:3000/ (401) - 12.357 ms
[32mhttp[39m:    GET /store/orders?customerKey=token_1767921816521&email=budireddy.krishnakumar%40gmail.com&name=Krishna+Kumar+Budireddy ← http://localhost:3000/ (401) - 7.569 ms
[32mhttp[39m:    OPTIONS /store/orders?email=budireddy.krishnakumar%40gmail.com&name=Krishna+Kumar+Budireddy ← http://localhost:3000/ (204) - 0.487 ms
[32mhttp[39m:    GET /store/orders?email=budireddy.krishnakumar%40gmail.com&name=Krishna+Kumar+Budireddy ← http://localhost:3000/ (401) - 5.353 ms
[32mhttp[39m:    OPTIONS /store/admin-settings ← http://localhost:3000/ (204) - 0.947 ms
[32mhttp[39m:    OPTIONS /store/admin-settings ← http://localhost:3000/ (204) - 0.409 ms
[32mhttp[39m:    GET /store/admin-settings ← http://localhost:3000/ (304) - 7.654 ms
[32mhttp[39m:    OPTIONS /store/admin-products ← http://localhost:3000/ (204) - 1.181 ms
[32mhttp[39m:    GET /store/admin-settings ← http://localhost:3000/ (304) - 12.028 ms
[32mhttp[39m:    GET /store/admin-products ← http://localhost:3000/ (304) - 46.594 ms
[32mhttp[39m:    GET /store/admin-products ← http://localhost:3000/ (304) - 34.715 ms
[32mhttp[39m:    OPTIONS /store/admin-settings ← http://localhost:3000/ (204) - 0.459 ms
[32mhttp[39m:    OPTIONS /store/admin-settings ← http://localhost:3000/ (204) - 0.586 ms
[32mhttp[39m:    GET /store/admin-settings ← http://localhost:3000/ (304) - 8.936 ms
[32mhttp[39m:    OPTIONS /store/admin-products ← http://localhost:3000/ (204) - 0.359 ms
[32mhttp[39m:    GET /store/admin-settings ← http://localhost:3000/ (304) - 10.015 ms
[32mhttp[39m:    GET /store/admin-products ← http://localhost:3000/ (304) - 26.166 ms
[32mhttp[39m:    GET /store/admin-products ← http://localhost:3000/ (304) - 27.914 ms
[32mhttp[39m:    GET /store/admin-settings ← http://localhost:3000/ (304) - 10.060 ms
[32mhttp[39m:    GET /store/admin-settings ← http://localhost:3000/ (304) - 12.524 ms
[32mhttp[39m:    GET /store/admin-products ← http://localhost:3000/ (304) - 27.464 ms
[32mhttp[39m:    GET /store/admin-products ← http://localhost:3000/ (304) - 23.051 ms
[32mhttp[39m:    GET /store/admin-settings ← http://localhost:3000/ (304) - 10.742 ms
[32mhttp[39m:    GET /store/admin-settings ← http://localhost:3000/ (304) - 12.311 ms
[32mhttp[39m:    GET /store/admin-products ← http://localhost:3000/ (304) - 28.898 ms
[32mhttp[39m:    GET /store/admin-products ← http://localhost:3000/ (304) - 24.746 ms
[32mhttp[39m:    OPTIONS /store/admin-settings ← http://localhost:3000/ (204) - 0.665 ms
[32mhttp[39m:    GET /store/admin-settings ← http://localhost:3000/ (304) - 10.068 ms
[32mhttp[39m:    OPTIONS /store/admin-products ← http://localhost:3000/ (204) - 0.421 ms
[32mhttp[39m:    GET /store/admin-settings ← http://localhost:3000/ (304) - 12.137 ms
[32mhttp[39m:    GET /store/admin-products ← http://localhost:3000/ (304) - 27.401 ms
[32mhttp[39m:    GET /store/admin-products ← http://localhost:3000/ (304) - 27.865 ms
[32mhttp[39m:    GET /store/admin-settings ← http://localhost:3000/ (304) - 10.470 ms
[32mhttp[39m:    GET /store/admin-settings ← http://localhost:3000/ (304) - 7.882 ms
[32mhttp[39m:    OPTIONS /store/orders ← http://localhost:3000/ (204) - 0.442 ms
[32mhttp[39m:    POST /store/orders ← http://localhost:3000/ (200) - 37.580 ms
[32mhttp[39m:    OPTIONS /store/orders?customerKey=token_1767922405137&email=budireddy.krishnakumar%40gmail.com&name=Krishna+Kumar+Budireddy ← http://localhost:3000/ (204) - 0.352 ms
[32mhttp[39m:    GET /store/orders?customerKey=token_1767922405137&email=budireddy.krishnakumar%40gmail.com&name=Krishna+Kumar+Budireddy ← http://localhost:3000/ (401) - 4.507 ms
[32mhttp[39m:    GET /store/orders?customerKey=token_1767922405137&email=budireddy.krishnakumar%40gmail.com&name=Krishna+Kumar+Budireddy ← http://localhost:3000/ (401) - 9.802 ms
[32mhttp[39m:    OPTIONS /store/admin-settings ← http://localhost:3000/ (204) - 0.318 ms
[32mhttp[39m:    OPTIONS /store/admin-settings ← http://localhost:3000/ (204) - 0.229 ms
[32mhttp[39m:    GET /store/admin-settings ← http://localhost:3000/ (304) - 8.188 ms
[32mhttp[39m:    OPTIONS /store/admin-products ← http://localhost:3000/ (204) - 0.311 ms
[32mhttp[39m:    GET /store/admin-settings ← http://localhost:3000/ (304) - 9.142 ms
[32mhttp[39m:    GET /store/admin-products ← http://localhost:3000/ (304) - 21.340 ms
[32mhttp[39m:    GET /store/admin-products ← http://localhost:3000/ (304) - 21.898 ms
[32mhttp[39m:    OPTIONS /store/orders?customerKey=token_1767922405137&email=budireddy.krishnakumar%40gmail.com&name=Krishna+Kumar+Budireddy ← http://localhost:3000/ (204) - 0.427 ms
[32mhttp[39m:    OPTIONS /store/orders?customerKey=token_1767922405137&email=budireddy.krishnakumar%40gmail.com&name=Krishna+Kumar+Budireddy ← http://localhost:3000/ (204) - 0.306 ms
[32mhttp[39m:    GET /store/orders?customerKey=token_1767922405137&email=budireddy.krishnakumar%40gmail.com&name=Krishna+Kumar+Budireddy ← http://localhost:3000/ (401) - 6.049 ms
[32mhttp[39m:    GET /store/orders?customerKey=token_1767922405137&email=budireddy.krishnakumar%40gmail.com&name=Krishna+Kumar+Budireddy ← http://localhost:3000/ (401) - 4.523 ms
[32mhttp[39m:    GET /store/admin-settings ← http://localhost:3000/ (304) - 7.481 ms
[32mhttp[39m:    OPTIONS /store/orders?customerKey=token_1767922405137&email=budireddy.krishnakumar%40gmail.com&name=Krishna+Kumar+Budireddy ← http://localhost:3000/ (204) - 0.365 ms
[32mhttp[39m:    OPTIONS /store/orders?customerKey=token_1767922405137&email=budireddy.krishnakumar%40gmail.com&name=Krishna+Kumar+Budireddy ← http://localhost:3000/ (204) - 0.327 ms
[32mhttp[39m:    GET /store/orders?customerKey=token_1767922405137&email=budireddy.krishnakumar%40gmail.com&name=Krishna+Kumar+Budireddy ← http://localhost:3000/ (401) - 6.994 ms
[32mhttp[39m:    GET /store/orders?customerKey=token_1767922405137&email=budireddy.krishnakumar%40gmail.com&name=Krishna+Kumar+Budireddy ← http://localhost:3000/ (401) - 5.768 ms
[32mhttp[39m:    OPTIONS /store/admin-settings ← http://localhost:3000/ (204) - 0.442 ms
[32mhttp[39m:    OPTIONS /store/admin-settings ← http://localhost:3000/ (204) - 0.585 ms
[32mhttp[39m:    GET /store/admin-settings ← http://localhost:3000/ (304) - 11.707 ms
[32mhttp[39m:    OPTIONS /store/admin-products ← http://localhost:3000/ (204) - 0.345 ms
[32mhttp[39m:    GET /store/admin-settings ← http://localhost:3000/ (304) - 10.609 ms
[32mhttp[39m:    GET /store/admin-products ← http://localhost:3000/ (304) - 22.647 ms
[32mhttp[39m:    GET /store/admin-products ← http://localhost:3000/ (304) - 24.683 ms
[32mhttp[39m:    GET /store/admin-settings ← http://localhost:3000/ (304) - 9.622 ms
[32mhttp[39m:    GET /store/admin-settings ← http://localhost:3000/ (304) - 11.161 ms
[32mhttp[39m:    GET /store/admin-products ← http://localhost:3000/ (304) - 24.435 ms
[32mhttp[39m:    GET /store/admin-products ← http://localhost:3000/ (304) - 27.072 ms
[32mhttp[39m:    OPTIONS /store/admin-settings ← http://localhost:3000/ (204) - 0.324 ms
[32mhttp[39m:    OPTIONS /store/admin-settings ← http://localhost:3000/ (204) - 0.293 ms
[32mhttp[39m:    GET /store/admin-settings ← http://localhost:3000/ (304) - 9.665 ms
[32mhttp[39m:    OPTIONS /store/admin-products ← http://localhost:3000/ (204) - 0.284 ms
[32mhttp[39m:    GET /store/admin-settings ← http://localhost:3000/ (304) - 9.121 ms
[32mhttp[39m:    GET /store/admin-products ← http://localhost:3000/ (304) - 22.302 ms
[32mhttp[39m:    GET /store/admin-products ← http://localhost:3000/ (304) - 23.095 ms
[32mhttp[39m:    OPTIONS /store/orders?customerKey=token_1767922459721&email=niharikabandaru97%40gmail.com&name=niharikabandaru97 ← http://localhost:3000/ (204) - 0.378 ms
[32mhttp[39m:    OPTIONS /store/orders?customerKey=token_1767922459721&email=niharikabandaru97%40gmail.com&name=niharikabandaru97 ← http://localhost:3000/ (204) - 0.308 ms
[32mhttp[39m:    GET /store/orders?customerKey=token_1767922459721&email=niharikabandaru97%40gmail.com&name=niharikabandaru97 ← http://localhost:3000/ (401) - 5.422 ms
[32mhttp[39m:    GET /store/orders?customerKey=token_1767922459721&email=niharikabandaru97%40gmail.com&name=niharikabandaru97 ← http://localhost:3000/ (401) - 5.096 ms
[32mhttp[39m:    OPTIONS /store/orders?customerKey=token_1767922459721&email=niharikabandaru97%40gmail.com&name=niharikabandaru97 ← http://localhost:3000/ (204) - 0.455 ms
[32mhttp[39m:    OPTIONS /store/orders?customerKey=token_1767922459721&email=niharikabandaru97%40gmail.com&name=niharikabandaru97 ← http://localhost:3000/ (204) - 0.349 ms
[32mhttp[39m:    GET /store/orders?customerKey=token_1767922459721&email=niharikabandaru97%40gmail.com&name=niharikabandaru97 ← http://localhost:3000/ (401) - 5.909 ms
[32mhttp[39m:    GET /store/orders?customerKey=token_1767922459721&email=niharikabandaru97%40gmail.com&name=niharikabandaru97 ← http://localhost:3000/ (401) - 4.212 ms
[32mhttp[39m:    OPTIONS /store/admin-orders ← http://localhost:3001/ (204) - 0.311 ms
[32mhttp[39m:    OPTIONS /store/admin-orders ← http://localhost:3001/ (204) - 0.246 ms
[32mhttp[39m:    GET /store/admin-orders ← http://localhost:3001/ (200) - 8.155 ms
[32mhttp[39m:    GET /store/admin-orders ← http://localhost:3001/ (304) - 10.455 ms
[32mhttp[39m:    OPTIONS /store/admin-orders ← http://localhost:3001/ (204) - 0.342 ms
[32mhttp[39m:    OPTIONS /store/admin-orders ← http://localhost:3001/ (204) - 0.474 ms
[32mhttp[39m:    GET /store/admin-orders ← http://localhost:3001/ (304) - 15.421 ms
[32mhttp[39m:    GET /store/admin-orders ← http://localhost:3001/ (304) - 12.669 ms
[32mhttp[39m:    OPTIONS /store/orders?email=niharikabandaru97%40gmail.com&name=Krishna+Kumar+Budireddy ← http://localhost:3000/ (204) - 0.426 ms
[32mhttp[39m:    GET /store/orders?email=niharikabandaru97%40gmail.com&name=Krishna+Kumar+Budireddy ← http://localhost:3000/ (401) - 5.089 ms
[32mhttp[39m:    OPTIONS /store/admin-settings ← http://localhost:3000/ (204) - 0.311 ms
[32mhttp[39m:    OPTIONS /store/admin-settings ← http://localhost:3000/ (204) - 0.226 ms
[32mhttp[39m:    GET /store/admin-settings ← http://localhost:3000/ (304) - 8.263 ms
[32mhttp[39m:    OPTIONS /store/admin-products ← http://localhost:3000/ (204) - 0.274 ms
[32mhttp[39m:    GET /store/admin-settings ← http://localhost:3000/ (304) - 8.602 ms
[32mhttp[39m:    GET /store/admin-products ← http://localhost:3000/ (304) - 21.347 ms
[32mhttp[39m:    GET /store/admin-products ← http://localhost:3000/ (304) - 22.770 ms
[32mhttp[39m:    OPTIONS /store/admin-settings ← http://localhost:3000/ (204) - 0.337 ms
[32mhttp[39m:    OPTIONS /store/admin-settings ← http://localhost:3000/ (204) - 0.349 ms
[32mhttp[39m:    GET /store/admin-settings ← http://localhost:3000/ (304) - 9.235 ms
[32mhttp[39m:    OPTIONS /store/admin-products ← http://localhost:3000/ (204) - 0.366 ms
[32mhttp[39m:    GET /store/admin-settings ← http://localhost:3000/ (304) - 16.068 ms
[32mhttp[39m:    GET /store/admin-products ← http://localhost:3000/ (304) - 26.736 ms
[32mhttp[39m:    GET /store/admin-products ← http://localhost:3000/ (304) - 28.036 ms
[32mhttp[39m:    GET /store/admin-settings ← http://localhost:3000/ (304) - 14.319 ms
[32mhttp[39m:    OPTIONS /store/admin-products/prod_01KEG03PVDA6EVW069ZGZTQ38N ← http://localhost:3000/ (204) - 1.005 ms
[32mhttp[39m:    GET /store/admin-settings ← http://localhost:3000/ (304) - 13.035 ms
[32mhttp[39m:    GET /store/admin-products/prod_01KEG03PVDA6EVW069ZGZTQ38N ← http://localhost:3000/ (200) - 33.530 ms
[32mhttp[39m:    GET /store/admin-products/prod_01KEG03PVDA6EVW069ZGZTQ38N ← http://localhost:3000/ (304) - 44.252 ms
[32mhttp[39m:    OPTIONS /store/admin-settings ← http://localhost:3000/ (204) - 0.483 ms
[32mhttp[39m:    OPTIONS /store/admin-settings ← http://localhost:3000/ (204) - 0.671 ms
[32mhttp[39m:    GET /store/admin-settings ← http://localhost:3000/ (304) - 12.235 ms
[32mhttp[39m:    OPTIONS /store/admin-products ← http://localhost:3000/ (204) - 0.455 ms
[32mhttp[39m:    GET /store/admin-settings ← http://localhost:3000/ (304) - 11.074 ms
[32mhttp[39m:    GET /store/admin-products ← http://localhost:3000/ (304) - 27.348 ms
[32mhttp[39m:    GET /store/admin-products ← http://localhost:3000/ (304) - 24.864 ms
[32mhttp[39m:    GET /store/admin-settings ← http://localhost:3000/ (304) - 8.864 ms
[32mhttp[39m:    GET /store/admin-settings ← http://localhost:3000/ (304) - 7.621 ms
[32mhttp[39m:    OPTIONS /store/orders ← http://localhost:3000/ (204) - 0.531 ms
[32mhttp[39m:    POST /store/orders ← http://localhost:3000/ (200) - 22.140 ms
[32mhttp[39m:    OPTIONS /store/orders?customerKey=token_1767922598335&email=budireddy.krishnakumar%40gmail.com&name=Krishna+Kumar+Budireddy ← http://localhost:3000/ (204) - 0.433 ms
[32mhttp[39m:    OPTIONS /store/orders?customerKey=token_1767922598335&email=budireddy.krishnakumar%40gmail.com&name=Krishna+Kumar+Budireddy ← http://localhost:3000/ (204) - 0.362 ms
[32mhttp[39m:    GET /store/orders?customerKey=token_1767922598335&email=budireddy.krishnakumar%40gmail.com&name=Krishna+Kumar+Budireddy ← http://localhost:3000/ (401) - 5.235 ms
[32mhttp[39m:    GET /store/orders?customerKey=token_1767922598335&email=budireddy.krishnakumar%40gmail.com&name=Krishna+Kumar+Budireddy ← http://localhost:3000/ (401) - 6.300 ms
[32mhttp[39m:    OPTIONS /store/orders?email=budireddy.krishnakumar%40gmail.com&name=Krishna+Kumar+Budireddy ← http://localhost:3000/ (204) - 0.629 ms
[32mhttp[39m:    GET /store/orders?email=budireddy.krishnakumar%40gmail.com&name=Krishna+Kumar+Budireddy ← http://localhost:3000/ (401) - 15.068 ms
[32mhttp[39m:    OPTIONS /store/admin-settings ← http://localhost:3000/ (204) - 0.516 ms
[32mhttp[39m:    OPTIONS /store/admin-settings ← http://localhost:3000/ (204) - 0.337 ms
[32mhttp[39m:    GET /store/admin-settings ← http://localhost:3000/ (304) - 12.881 ms
[32mhttp[39m:    OPTIONS /store/admin-products ← http://localhost:3000/ (204) - 0.759 ms
[32mhttp[39m:    GET /store/admin-settings ← http://localhost:3000/ (304) - 16.516 ms
[32mhttp[39m:    GET /store/admin-products ← http://localhost:3000/ (304) - 28.723 ms
[32mhttp[39m:    GET /store/admin-products ← http://localhost:3000/ (304) - 23.172 ms
[32mhttp[39m:    OPTIONS /store/admin-orders ← http://localhost:3001/ (204) - 0.494 ms
[32mhttp[39m:    GET /store/admin-orders ← http://localhost:3001/ (200) - 9.024 ms
[32mhttp[39m:    GET /store/admin-orders ← http://localhost:3001/ (304) - 11.545 ms
[32mhttp[39m:    OPTIONS /store/admin-orders ← http://localhost:3001/ (204) - 0.354 ms
[32mhttp[39m:    OPTIONS /store/admin-orders ← http://localhost:3001/ (204) - 0.428 ms
[32mhttp[39m:    GET /store/admin-orders ← http://localhost:3001/ (304) - 8.620 ms
[32mhttp[39m:    GET /store/admin-orders ← http://localhost:3001/ (304) - 8.789 ms
[32mhttp[39m:    OPTIONS /store/admin-products?limit=200 ← http://localhost:3001/ (204) - 1.150 ms
[32mhttp[39m:    OPTIONS /store/product-categories?limit=200 ← http://localhost:3001/ (204) - 0.787 ms
[32mhttp[39m:    OPTIONS /store/admin-settings ← http://localhost:3001/ (204) - 0.439 ms
[32mhttp[39m:    OPTIONS /store/admin-products?limit=200 ← http://localhost:3001/ (204) - 0.685 ms
[32mhttp[39m:    OPTIONS /store/product-categories?limit=200 ← http://localhost:3001/ (204) - 0.434 ms
[32mhttp[39m:    OPTIONS /store/admin-settings ← http://localhost:3001/ (204) - 0.406 ms
[32mhttp[39m:    GET /store/admin-settings ← http://localhost:3001/ (304) - 25.541 ms
[32mhttp[39m:    GET /store/product-categories?limit=200 ← http://localhost:3001/ (304) - 30.369 ms
[32mhttp[39m:    GET /store/admin-products?limit=200 ← http://localhost:3001/ (304) - 45.052 ms
[32mhttp[39m:    GET /store/admin-settings ← http://localhost:3001/ (304) - 17.252 ms
[32mhttp[39m:    GET /store/product-categories?limit=200 ← http://localhost:3001/ (304) - 26.821 ms
[32mhttp[39m:    GET /store/admin-products?limit=200 ← http://localhost:3001/ (304) - 42.136 ms
[32mhttp[39m:    GET /store/admin-orders ← http://localhost:3001/ (304) - 12.263 ms
[32mhttp[39m:    GET /store/admin-orders ← http://localhost:3001/ (304) - 10.309 ms
[32mhttp[39m:    GET /store/admin-products?limit=200 ← http://localhost:3001/ (304) - 32.628 ms
[32mhttp[39m:    GET /store/admin-products?limit=200 ← http://localhost:3001/ (304) - 22.830 ms
[32mhttp[39m:    OPTIONS /store/newsletter ← http://localhost:3001/ (204) - 0.412 ms
[32mhttp[39m:    OPTIONS /store/newsletter ← http://localhost:3001/ (204) - 0.661 ms
[32mhttp[39m:    GET /store/newsletter ← http://localhost:3001/ (304) - 8.887 ms
[32mhttp[39m:    GET /store/newsletter ← http://localhost:3001/ (304) - 7.640 ms
[32mhttp[39m:    OPTIONS /store/admin-settings ← http://localhost:3001/ (204) - 0.308 ms
[32mhttp[39m:    OPTIONS /store/admin-settings ← http://localhost:3001/ (204) - 0.252 ms
[32mhttp[39m:    GET /store/admin-settings ← http://localhost:3001/ (304) - 9.855 ms
[32mhttp[39m:    GET /store/admin-settings ← http://localhost:3001/ (304) - 7.489 ms
[32mhttp[39m:    OPTIONS /store/admin-products?limit=200 ← http://localhost:3001/ (204) - 0.356 ms
[32mhttp[39m:    OPTIONS /store/product-categories?limit=200 ← http://localhost:3001/ (204) - 0.369 ms
[32mhttp[39m:    OPTIONS /store/admin-products?limit=200 ← http://localhost:3001/ (204) - 0.445 ms
[32mhttp[39m:    OPTIONS /store/product-categories?limit=200 ← http://localhost:3001/ (204) - 0.311 ms
[32mhttp[39m:    GET /store/admin-settings ← http://localhost:3001/ (304) - 19.281 ms
[32mhttp[39m:    GET /store/product-categories?limit=200 ← http://localhost:3001/ (304) - 23.076 ms
[32mhttp[39m:    GET /store/admin-products?limit=200 ← http://localhost:3001/ (304) - 35.600 ms
[32mhttp[39m:    GET /store/admin-settings ← http://localhost:3001/ (304) - 18.041 ms
[32mhttp[39m:    GET /store/product-categories?limit=200 ← http://localhost:3001/ (304) - 21.475 ms
[32mhttp[39m:    GET /store/admin-products?limit=200 ← http://localhost:3001/ (304) - 22.482 ms
[32mhttp[39m:    OPTIONS /store/admin-orders ← http://localhost:3001/ (204) - 0.314 ms
[32mhttp[39m:    OPTIONS /store/admin-orders ← http://localhost:3001/ (204) - 0.218 ms
[32mhttp[39m:    GET /store/admin-orders ← http://localhost:3001/ (304) - 7.757 ms
[32mhttp[39m:    GET /store/admin-orders ← http://localhost:3001/ (304) - 6.608 ms
[32mhttp[39m:    OPTIONS /store/admin-settings ← http://localhost:3000/ (204) - 0.428 ms
[32mhttp[39m:    OPTIONS /store/admin-settings ← http://localhost:3000/ (204) - 0.299 ms
[32mhttp[39m:    GET /store/admin-settings ← http://localhost:3000/ (304) - 9.120 ms
[32mhttp[39m:    OPTIONS /store/admin-products ← http://localhost:3000/ (204) - 0.274 ms
[32mhttp[39m:    GET /store/admin-settings ← http://localhost:3000/ (304) - 9.803 ms
[32mhttp[39m:    GET /store/admin-products ← http://localhost:3000/ (304) - 26.988 ms
[32mhttp[39m:    OPTIONS /store/admin-settings ← http://localhost:3000/ (204) - 0.322 ms
[32mhttp[39m:    OPTIONS /store/admin-settings ← http://localhost:3000/ (204) - 0.258 ms
[32mhttp[39m:    GET /store/admin-settings ← http://localhost:3000/ (304) - 8.312 ms
[32mhttp[39m:    OPTIONS /store/admin-products ← http://localhost:3000/ (204) - 0.329 ms
[32mhttp[39m:    GET /store/admin-settings ← http://localhost:3000/ (304) - 12.036 ms
[32mhttp[39m:    GET /store/admin-products ← http://localhost:3000/ (304) - 24.549 ms
[32mhttp[39m:    GET /store/admin-products ← http://localhost:3000/ (304) - 28.762 ms
[32mhttp[39m:    OPTIONS /store/orders?email=budireddy.krishnakumar%40gmail.com ← http://localhost:3000/ (204) - 0.378 ms
[32mhttp[39m:    OPTIONS /store/orders?email=budireddy.krishnakumar%40gmail.com ← http://localhost:3000/ (204) - 0.572 ms
[32mhttp[39m:    GET /store/orders?email=budireddy.krishnakumar%40gmail.com ← http://localhost:3000/ (401) - 12.864 ms
[32mhttp[39m:    GET /store/orders?email=budireddy.krishnakumar%40gmail.com ← http://localhost:3000/ (401) - 7.355 ms
[32mhttp[39m:    GET /store/orders?email=budireddy.krishnakumar%40gmail.com ← http://localhost:3000/ (401) - 6.852 ms
[32mhttp[39m:    GET /store/orders?email=budireddy.krishnakumar%40gmail.com ← http://localhost:3000/ (401) - 6.837 ms
[32mhttp[39m:    OPTIONS /store/orders?email=budireddy.krishnakumar%40gmail.com ← http://localhost:3000/ (204) - 0.348 ms
[32mhttp[39m:    OPTIONS /store/orders?email=budireddy.krishnakumar%40gmail.com ← http://localhost:3000/ (204) - 0.259 ms
[32mhttp[39m:    GET /store/orders?email=budireddy.krishnakumar%40gmail.com ← http://localhost:3000/ (401) - 5.147 ms
[32mhttp[39m:    GET /store/orders?email=budireddy.krishnakumar%40gmail.com ← http://localhost:3000/ (401) - 5.554 ms
[32mhttp[39m:    GET /store/orders?email=budireddy.krishnakumar%40gmail.com ← http://localhost:3000/ (401) - 5.016 ms
[32mhttp[39m:    OPTIONS /store/admin-settings ← http://localhost:3000/ (204) - 0.297 ms
[32mhttp[39m:    OPTIONS /store/admin-settings ← http://localhost:3000/ (204) - 0.340 ms
[32mhttp[39m:    GET /store/admin-settings ← http://localhost:3000/ (304) - 8.091 ms
[32mhttp[39m:    OPTIONS /store/admin-products ← http://localhost:3000/ (204) - 0.312 ms
[32mhttp[39m:    GET /store/admin-settings ← http://localhost:3000/ (304) - 10.758 ms
[32mhttp[39m:    GET /store/admin-products ← http://localhost:3000/ (304) - 21.665 ms
[32mhttp[39m:    GET /store/admin-products ← http://localhost:3000/ (304) - 22.990 ms
[32mhttp[39m:    OPTIONS /store/admin-orders ← http://localhost:3001/ (204) - 0.944 ms
[32mhttp[39m:    OPTIONS /store/admin-orders ← http://localhost:3001/ (204) - 0.670 ms
[32mhttp[39m:    GET /store/admin-orders ← http://localhost:3001/ (304) - 56.720 ms
[32mhttp[39m:    GET /store/admin-orders ← http://localhost:3001/ (304) - 12.595 ms
[32mhttp[39m:    OPTIONS /store/admin-settings ← http://localhost:3000/ (204) - 0.440 ms
[32mhttp[39m:    OPTIONS /store/admin-settings ← http://localhost:3000/ (204) - 0.314 ms
[32mhttp[39m:    GET /store/admin-settings ← http://localhost:3000/ (304) - 8.276 ms
[32mhttp[39m:    GET /store/admin-settings ← http://localhost:3000/ (304) - 6.491 ms
[32mhttp[39m:    OPTIONS /store/admin-products ← http://localhost:3000/ (204) - 0.325 ms
[32mhttp[39m:    OPTIONS /store/admin-products ← http://localhost:3000/ (204) - 0.269 ms
[32mhttp[39m:    GET /store/admin-products ← http://localhost:3000/ (304) - 20.443 ms
[32mhttp[39m:    GET /store/admin-products ← http://localhost:3000/ (304) - 21.718 ms
[32mhttp[39m:    OPTIONS /store/orders?email=Niharikabandaru97%40gmail.com ← http://localhost:3000/ (204) - 0.324 ms
[32mhttp[39m:    OPTIONS /store/orders?email=Niharikabandaru97%40gmail.com ← http://localhost:3000/ (204) - 0.223 ms
[32mhttp[39m:    GET /store/orders?email=Niharikabandaru97%40gmail.com ← http://localhost:3000/ (401) - 5.395 ms
[32mhttp[39m:    GET /store/orders?email=Niharikabandaru97%40gmail.com ← http://localhost:3000/ (401) - 4.937 ms
[32mhttp[39m:    GET /store/admin-settings ← http://localhost:3000/ (304) - 7.462 ms
[32mhttp[39m:    GET /store/admin-settings ← http://localhost:3000/ (304) - 7.821 ms
[32mhttp[39m:    GET /store/admin-products ← http://localhost:3000/ (304) - 21.492 ms
[32mhttp[39m:    OPTIONS /store/admin-settings ← http://localhost:3000/ (204) - 0.369 ms
[32mhttp[39m:    OPTIONS /store/admin-settings ← http://localhost:3000/ (204) - 1.179 ms
[32mhttp[39m:    GET /store/admin-settings ← http://localhost:3000/ (304) - 9.089 ms
[32mhttp[39m:    OPTIONS /store/admin-products ← http://localhost:3000/ (204) - 0.336 ms
[32mhttp[39m:    GET /store/admin-settings ← http://localhost:3000/ (304) - 8.298 ms
[32mhttp[39m:    GET /store/admin-products ← http://localhost:3000/ (304) - 23.620 ms
[32mhttp[39m:    GET /store/admin-products ← http://localhost:3000/ (304) - 25.351 ms
[32mhttp[39m:    GET /store/admin-settings ← http://localhost:3000/ (304) - 10.606 ms
[32mhttp[39m:    GET /store/admin-settings ← http://localhost:3000/ (304) - 8.900 ms
[32mhttp[39m:    OPTIONS /store/orders ← http://localhost:3000/ (204) - 0.289 ms
[32mhttp[39m:    POST /store/orders ← http://localhost:3000/ (200) - 23.213 ms
[32mhttp[39m:    OPTIONS /store/orders?email=Niharikabandaru97%40gmail.com ← http://localhost:3000/ (204) - 0.316 ms
[32mhttp[39m:    OPTIONS /store/orders?email=Niharikabandaru97%40gmail.com ← http://localhost:3000/ (204) - 0.416 ms
[32mhttp[39m:    GET /store/orders?email=Niharikabandaru97%40gmail.com ← http://localhost:3000/ (401) - 4.796 ms
[32mhttp[39m:    GET /store/orders?email=Niharikabandaru97%40gmail.com ← http://localhost:3000/ (401) - 4.683 ms
[32mhttp[39m:    OPTIONS /store/admin-settings ← http://localhost:3000/ (204) - 0.368 ms
[32mhttp[39m:    OPTIONS /store/admin-settings ← http://localhost:3000/ (204) - 0.566 ms
[32mhttp[39m:    GET /store/admin-settings ← http://localhost:3000/ (304) - 11.958 ms
[32mhttp[39m:    OPTIONS /store/admin-products ← http://localhost:3000/ (204) - 0.337 ms
[32mhttp[39m:    GET /store/admin-settings ← http://localhost:3000/ (304) - 14.637 ms
[32mhttp[39m:    GET /store/admin-products ← http://localhost:3000/ (304) - 27.817 ms
[32mhttp[39m:    GET /store/admin-products ← http://localhost:3000/ (304) - 31.681 ms
[32mhttp[39m:    OPTIONS /store/orders?email=Niharikabandaru97%40gmail.com ← http://localhost:3000/ (204) - 0.344 ms
[32mhttp[39m:    OPTIONS /store/orders?email=Niharikabandaru97%40gmail.com ← http://localhost:3000/ (204) - 0.293 ms
[32mhttp[39m:    GET /store/orders?email=Niharikabandaru97%40gmail.com ← http://localhost:3000/ (401) - 6.594 ms
[32mhttp[39m:    GET /store/orders?email=Niharikabandaru97%40gmail.com ← http://localhost:3000/ (401) - 5.105 ms
[32mhttp[39m:    GET /store/orders?email=Niharikabandaru97%40gmail.com ← http://localhost:3000/ (401) - 8.051 ms
[32mhttp[39m:    GET /store/admin-settings ← http://localhost:3000/ (304) - 9.207 ms
[32mhttp[39m:    OPTIONS /store/admin-orders ← http://localhost:3001/ (204) - 0.569 ms
[32mhttp[39m:    OPTIONS /store/admin-orders ← http://localhost:3001/ (204) - 0.543 ms
[32mhttp[39m:    GET /store/admin-orders ← http://localhost:3001/ (200) - 10.160 ms
[32mhttp[39m:    GET /store/admin-orders ← http://localhost:3001/ (304) - 10.753 ms
[32mhttp[39m:    OPTIONS /store/orders?email=Niharikabandaru97%40gmail.com ← http://localhost:3000/ (204) - 0.317 ms
[32mhttp[39m:    OPTIONS /store/admin-settings ← http://localhost:3000/ (204) - 0.352 ms
[32mhttp[39m:    GET /store/orders?email=Niharikabandaru97%40gmail.com ← http://localhost:3000/ (401) - 6.168 ms
[32mhttp[39m:    GET /store/admin-settings ← http://localhost:3000/ (304) - 9.318 ms
[32mhttp[39m:    OPTIONS /store/admin-settings ← http://localhost:3000/ (204) - 0.296 ms
[32mhttp[39m:    OPTIONS /store/admin-settings ← http://localhost:3000/ (204) - 0.398 ms
[32mhttp[39m:    GET /store/admin-settings ← http://localhost:3000/ (304) - 9.628 ms
[32mhttp[39m:    OPTIONS /store/admin-products ← http://localhost:3000/ (204) - 0.330 ms
[32mhttp[39m:    GET /store/admin-settings ← http://localhost:3000/ (304) - 11.991 ms
[32mhttp[39m:    GET /store/admin-products ← http://localhost:3000/ (304) - 22.687 ms
[32mhttp[39m:    GET /store/admin-products ← http://localhost:3000/ (304) - 24.786 ms
[32mhttp[39m:    OPTIONS /store/admin-settings ← http://localhost:3000/ (204) - 0.384 ms
[32mhttp[39m:    OPTIONS /store/admin-settings ← http://localhost:3000/ (204) - 0.347 ms
[32mhttp[39m:    GET /store/admin-settings ← http://localhost:3000/ (304) - 9.603 ms
[32mhttp[39m:    OPTIONS /store/admin-products ← http://localhost:3000/ (204) - 0.277 ms
[32mhttp[39m:    GET /store/admin-settings ← http://localhost:3000/ (304) - 11.709 ms
[32mhttp[39m:    GET /store/admin-products ← http://localhost:3000/ (304) - 20.762 ms
[32mhttp[39m:    GET /store/admin-products ← http://localhost:3000/ (304) - 26.844 ms
[32mhttp[39m:    OPTIONS /store/admin-settings ← http://localhost:3000/ (204) - 0.523 ms
[32mhttp[39m:    OPTIONS /store/admin-settings ← http://localhost:3000/ (204) - 0.411 ms
[32mhttp[39m:    GET /store/admin-settings ← http://localhost:3000/ (304) - 12.481 ms
[32mhttp[39m:    OPTIONS /store/admin-products ← http://localhost:3000/ (204) - 0.308 ms
[32mhttp[39m:    GET /store/admin-settings ← http://localhost:3000/ (304) - 13.898 ms
[32mhttp[39m:    GET /store/admin-products ← http://localhost:3000/ (304) - 28.300 ms
[32mhttp[39m:    GET /store/admin-products ← http://localhost:3000/ (304) - 27.882 ms
[32mhttp[39m:    GET /store/admin-settings ← http://localhost:3000/ (304) - 9.078 ms
[32mhttp[39m:    GET /store/admin-settings ← http://localhost:3000/ (304) - 24.096 ms
[32mhttp[39m:    GET /store/admin-products ← http://localhost:3000/ (304) - 86.427 ms
[32mhttp[39m:    GET /store/admin-products ← http://localhost:3000/ (304) - 120.087 ms
[32mhttp[39m:    OPTIONS /store/admin-settings ← http://localhost:3000/ (204) - 0.328 ms
[32mhttp[39m:    OPTIONS /store/admin-settings ← http://localhost:3000/ (204) - 0.248 ms
[32mhttp[39m:    GET /store/admin-settings ← http://localhost:3000/ (304) - 9.071 ms
[32mhttp[39m:    OPTIONS /store/admin-products ← http://localhost:3000/ (204) - 0.378 ms
[32mhttp[39m:    GET /store/admin-settings ← http://localhost:3000/ (304) - 15.505 ms
[32mhttp[39m:    GET /store/admin-products ← http://localhost:3000/ (304) - 29.832 ms
[32mhttp[39m:    GET /store/admin-products ← http://localhost:3000/ (304) - 26.548 ms
[32minfo[39m:    [Watcher] modified src/api/store/admin-orders/[id]/route.ts modified: restarting dev server
[32minfo[39m:    Gracefully shutting down server
[32minfo[39m:    [Watcher] Reloaded in 50.06ms
[32minfo[39m:    redisUrl not found. A fake redis instance will be used.
- Creating server
[32minfo[39m:    redisUrl not found. A fake redis instance will be used.
[32minfo[39m:    Skipping instrumentation registration. No register function found.
[32minfo[39m:    redisUrl not found. A fake redis instance will be used.
[32minfo[39m:    No link to load from /Users/User/daw-store/backend/node_modules/@medusajs/draft-order/.medusa/server/src/links. skipped.
[32minfo[39m:    Locking module: Using "in-memory" as default.
[33mwarn[39m:    Local Event Bus installed. This is not recommended for production.
[32minfo[39m:    No workflow to load from /Users/User/daw-store/backend/node_modules/@medusajs/draft-order/.medusa/server/src/workflows. skipped.
[32minfo[39m:    No subscriber to load from /Users/User/daw-store/backend/node_modules/@medusajs/draft-order/.medusa/server/src/subscribers. skipped.
[32minfo[39m:    No job to load from /Users/User/daw-store/backend/node_modules/@medusajs/medusa/dist/jobs. skipped.
[32minfo[39m:    No job to load from /Users/User/daw-store/backend/node_modules/@medusajs/draft-order/.medusa/server/src/jobs. skipped.
Error: listen EADDRINUSE: address already in use :::9001
    at Server.setupListenHandle [as _listen2] (node:net:1912:16)
    at listenInCluster (node:net:1969:12)
    at Server.listen (node:net:2074:7)
    at internalStart (/Users/User/daw-store/backend/node_modules/@medusajs/medusa/src/commands/start.ts:306:15)
    at async start (/Users/User/daw-store/backend/node_modules/@medusajs/medusa/src/commands/start.ts:405:12) {
  code: 'EADDRINUSE',
  errno: -48,
  syscall: 'listen',
  address: '::',
  port: 9001
}
[32minfo[39m:    [Watcher] modified src/api/store/admin-products/route.ts modified: restarting dev server
[32minfo[39m:    [Watcher] Reloaded in 24.97ms
[32minfo[39m:    Gracefully shutting down server
[32minfo[39m:    redisUrl not found. A fake redis instance will be used.
- Creating server
[32minfo[39m:    redisUrl not found. A fake redis instance will be used.
[32minfo[39m:    Skipping instrumentation registration. No register function found.
[32minfo[39m:    redisUrl not found. A fake redis instance will be used.
[32minfo[39m:    No link to load from /Users/User/daw-store/backend/node_modules/@medusajs/draft-order/.medusa/server/src/links. skipped.
[33mwarn[39m:    Local Event Bus installed. This is not recommended for production.
[32minfo[39m:    Locking module: Using "in-memory" as default.
[32minfo[39m:    No workflow to load from /Users/User/daw-store/backend/node_modules/@medusajs/draft-order/.medusa/server/src/workflows. skipped.
[32minfo[39m:    No subscriber to load from /Users/User/daw-store/backend/node_modules/@medusajs/draft-order/.medusa/server/src/subscribers. skipped.
[32minfo[39m:    No job to load from /Users/User/daw-store/backend/node_modules/@medusajs/medusa/dist/jobs. skipped.
[32minfo[39m:    No job to load from /Users/User/daw-store/backend/node_modules/@medusajs/draft-order/.medusa/server/src/jobs. skipped.
Error: listen EADDRINUSE: address already in use :::9001
    at Server.setupListenHandle [as _listen2] (node:net:1912:16)
    at listenInCluster (node:net:1969:12)
    at Server.listen (node:net:2074:7)
    at internalStart (/Users/User/daw-store/backend/node_modules/@medusajs/medusa/src/commands/start.ts:306:15)
    at async start (/Users/User/daw-store/backend/node_modules/@medusajs/medusa/src/commands/start.ts:405:12) {
  code: 'EADDRINUSE',
  errno: -48,
  syscall: 'listen',
  address: '::',
  port: 9001
}
will be used.
[32minfo[39m:    Skipping instrumentation registration. No register function found.
[32minfo[39m:    redisUrl not found. A fake redis instance will be used.
[32minfo[39m:    No link to load from /Users/User/daw-store/backend/node_modules/@medusajs/draft-order/.medusa/server/src/links. skipped.
[33mwarn[39m:    Local Event Bus installed. This is not recommended for production.
[32minfo[39m:    Locking module: Using "in-memory" as default.
[32minfo[39m:    No workflow to load from /Users/User/daw-store/backend/node_modules/@medusajs/draft-order/.medusa/server/src/workflows. skipped.
[32minfo[39m:    No subscriber to load from /Users/User/daw-store/backend/node_modules/@medusajs/draft-order/.medusa/server/src/subscribers. skipped.
[32minfo[39m:    No job to load from /Users/User/daw-store/backend/node_modules/@medusajs/medusa/dist/jobs. skipped.
[32minfo[39m:    No job to load from /Users/User/daw-store/backend/node_modules/@medusajs/draft-order/.medusa/server/src/jobs. skipped.
Error: listen EADDRINUSE: address already in use :::9001
    at Server.setupListenHandle [as _listen2] (node:net:1912:16)
    at listenInCluster (node:net:1969:12)
    at Server.listen (node:net:2074:7)
    at internalStart (/Users/User/daw-store/backend/node_modules/@medusajs/medusa/src/commands/start.ts:306:15)
    at async start (/Users/User/daw-store/backend/node_modules/@medusajs/medusa/src/commands/start.ts:405:12) {
  code: 'EADDRINUSE',
  errno: -48,
  syscall: 'listen',
  address: '::',
  port: 9001
}
[32minfo[39m:    [Watcher] modified src/api/store/orders/route.ts modified: restarting dev server
[32minfo[39m:    Gracefully shutting down server
[32minfo[39m:    [Watcher] Reloaded in 32.00ms
[32minfo[39m:    redisUrl not found. A fake redis instance will be used.
- Creating server
[32minfo[39m:    redisUrl not found. A fake redis instance will be used.
[32minfo[39m:    Skipping instrumentation registration. No register function found.
[32minfo[39m:    redisUrl not found. A fake redis instance will be used.
[32minfo[39m:    No link to load from /Users/User/daw-store/backend/node_modules/@medusajs/draft-order/.medusa/server/src/links. skipped.
[33mwarn[39m:    Local Event Bus installed. This is not recommended for production.
[32minfo[39m:    Locking module: Using "in-memory" as default.
[32minfo[39m:    No workflow to load from /Users/User/daw-store/backend/node_modules/@medusajs/draft-order/.medusa/server/src/workflows. skipped.
[32minfo[39m:    No subscriber to load from /Users/User/daw-store/backend/node_modules/@medusajs/draft-order/.medusa/server/src/subscribers. skipped.
[32minfo[39m:    No job to load from /Users/User/daw-store/backend/node_modules/@medusajs/medusa/dist/jobs. skipped.
[32minfo[39m:    No job to load from /Users/User/daw-store/backend/node_modules/@medusajs/draft-order/.medusa/server/src/jobs. skipped.
Error: listen EADDRINUSE: address already in use :::9001
    at Server.setupListenHandle [as _listen2] (node:net:1912:16)
    at listenInCluster (node:net:1969:12)
    at Server.listen (node:net:2074:7)
    at internalStart (/Users/User/daw-store/backend/node_modules/@medusajs/medusa/src/commands/start.ts:306:15)
    at async start (/Users/User/daw-store/backend/node_modules/@medusajs/medusa/src/commands/start.ts:405:12) {
  code: 'EADDRINUSE',
  errno: -48,
  syscall: 'listen',
  address: '::',
  port: 9001
}
[32minfo[39m:    [Watcher] modified src/api/store/orders/route.ts modified: restarting dev server
[32minfo[39m:    Gracefully shutting down server
[32minfo[39m:    [Watcher] Reloaded in 23.77ms
[32minfo[39m:    redisUrl not found. A fake redis instance will be used.
- Creating server
[32minfo[39m:    redisUrl not found. A fake redis instance will be used.
[32minfo[39m:    Skipping instrumentation registration. No register function found.
[32minfo[39m:    redisUrl not found. A fake redis instance will be used.
[32minfo[39m:    No link to load from /Users/User/daw-store/backend/node_modules/@medusajs/draft-order/.medusa/server/src/links. skipped.
[33mwarn[39m:    Local Event Bus installed. This is not recommended for production.
[32minfo[39m:    Locking module: Using "in-memory" as default.
[32minfo[39m:    No workflow to load from /Users/User/daw-store/backend/node_modules/@medusajs/draft-order/.medusa/server/src/workflows. skipped.
[32minfo[39m:    No subscriber to load from /Users/User/daw-store/backend/node_modules/@medusajs/draft-order/.medusa/server/src/subscribers. skipped.
[32minfo[39m:    No job to load from /Users/User/daw-store/backend/node_modules/@medusajs/medusa/dist/jobs. skipped.
[32minfo[39m:    No job to load from /Users/User/daw-store/backend/node_modules/@medusajs/draft-order/.medusa/server/src/jobs. skipped.
✔ Server is ready on port: 9001 – 16164ms
[32minfo[39m:    Admin URL → http://localhost:9001/app
[32mhttp[39m:    OPTIONS /store/admin-orders ← http://localhost:3001/ (204) - 5.076 ms
[32mhttp[39m:    OPTIONS /store/admin-orders ← http://localhost:3001/ (204) - 2.237 ms
[32mhttp[39m:    GET /store/admin-orders ← http://localhost:3001/ (304) - 31.696 ms
[32mhttp[39m:    GET /store/admin-orders ← http://localhost:3001/ (304) - 12.481 ms
[32mhttp[39m:    OPTIONS /store/orders?customerKey=token_1767916982537 ← http://localhost:3000/ (204) - 1.430 ms
[32mhttp[39m:    OPTIONS /store/admin-settings ← http://localhost:3000/ (204) - 0.862 ms
[32mhttp[39m:    GET /store/orders?customerKey=token_1767916982537 ← http://localhost:3000/ (401) - 22.722 ms
[32mhttp[39m:    GET /store/admin-settings ← http://localhost:3000/ (304) - 24.987 ms
[32mhttp[39m:    OPTIONS /store/orders?customerKey=token_1767916982537 ← http://localhost:3000/ (204) - 0.584 ms
[32mhttp[39m:    OPTIONS /store/orders?customerKey=token_1767916982537 ← http://localhost:3000/ (204) - 0.467 ms
[32mhttp[39m:    GET /store/orders?customerKey=token_1767916982537 ← http://localhost:3000/ (401) - 8.824 ms
[32mhttp[39m:    GET /store/orders?customerKey=token_1767916982537 ← http://localhost:3000/ (401) - 4.484 ms
[32mhttp[39m:    OPTIONS /store/admin-settings ← http://localhost:3000/ (204) - 0.415 ms
[32mhttp[39m:    OPTIONS /store/admin-settings ← http://localhost:3000/ (204) - 0.492 ms
[32mhttp[39m:    GET /store/admin-settings ← http://localhost:3000/ (304) - 9.685 ms
[32mhttp[39m:    OPTIONS /store/admin-products ← http://localhost:3000/ (204) - 0.394 ms
[32mhttp[39m:    GET /store/admin-settings ← http://localhost:3000/ (304) - 13.182 ms
[32mhttp[39m:    GET /store/admin-products ← http://localhost:3000/ (304) - 48.630 ms
[32mhttp[39m:    GET /store/admin-products ← http://localhost:3000/ (304) - 30.161 ms
[32mhttp[39m:    GET /store/admin-settings ← http://localhost:3000/ (304) - 62.383 ms
[32mhttp[39m:    GET /store/admin-settings ← http://localhost:3000/ (304) - 46.167 ms
[32mhttp[39m:    GET /store/admin-products ← http://localhost:3000/ (304) - 65.160 ms
[32mhttp[39m:    GET /store/admin-products ← http://localhost:3000/ (304) - 38.524 ms
[32mhttp[39m:    OPTIONS /store/admin-settings ← http://localhost:3000/ (204) - 0.412 ms
[32mhttp[39m:    OPTIONS /store/admin-settings ← http://localhost:3000/ (204) - 0.880 ms
[32mhttp[39m:    GET /store/admin-settings ← http://localhost:3000/ (304) - 13.035 ms
[32mhttp[39m:    OPTIONS /store/admin-products ← http://localhost:3000/ (204) - 0.496 ms
[32mhttp[39m:    GET /store/admin-settings ← http://localhost:3000/ (304) - 13.756 ms
[32mhttp[39m:    GET /store/admin-products ← http://localhost:3000/ (304) - 35.964 ms
[32mhttp[39m:    GET /store/admin-products ← http://localhost:3000/ (304) - 25.596 ms
[32mhttp[39m:    OPTIONS /store/orders?customerKey=token_1767916982537 ← http://localhost:3000/ (204) - 0.380 ms
[32mhttp[39m:    OPTIONS /store/orders?customerKey=token_1767916982537 ← http://localhost:3000/ (204) - 0.289 ms
[32mhttp[39m:    GET /store/orders?customerKey=token_1767916982537 ← http://localhost:3000/ (401) - 6.435 ms
[32mhttp[39m:    GET /store/orders?customerKey=token_1767916982537 ← http://localhost:3000/ (401) - 4.809 ms
[32mhttp[39m:    OPTIONS /store/admin-orders ← http://localhost:3001/ (204) - 0.370 ms
[32mhttp[39m:    OPTIONS /store/admin-orders ← http://localhost:3001/ (204) - 0.311 ms
[32mhttp[39m:    GET /store/admin-orders ← http://localhost:3001/ (304) - 10.716 ms
[32mhttp[39m:    GET /store/admin-orders ← http://localhost:3001/ (304) - 11.372 ms
[32mhttp[39m:    OPTIONS /store/admin-settings ← http://localhost:3000/ (204) - 0.338 ms
[32mhttp[39m:    OPTIONS /store/admin-settings ← http://localhost:3000/ (204) - 0.275 ms
[32mhttp[39m:    GET /store/admin-settings ← http://localhost:3000/ (304) - 7.740 ms
[32mhttp[39m:    OPTIONS /store/admin-products ← http://localhost:3000/ (204) - 0.357 ms
[32mhttp[39m:    GET /store/admin-settings ← http://localhost:3000/ (304) - 13.040 ms
[32mhttp[39m:    GET /store/admin-products ← http://localhost:3000/ (304) - 29.378 ms
[32mhttp[39m:    GET /store/admin-settings ← http://localhost:3000/ (304) - 11.379 ms
[32mhttp[39m:    GET /store/admin-settings ← http://localhost:3000/ (304) - 13.900 ms
[32mhttp[39m:    GET /store/admin-products ← http://localhost:3000/ (304) - 29.981 ms
[32mhttp[39m:    GET /store/admin-products ← http://localhost:3000/ (304) - 35.369 ms
[32mhttp[39m:    GET /store/admin-settings ← http://localhost:3000/ (304) - 10.574 ms
[32mhttp[39m:    GET /store/admin-settings ← http://localhost:3000/ (304) - 7.695 ms
[32mhttp[39m:    OPTIONS /store/orders ← http://localhost:3000/ (204) - 0.403 ms
[32mhttp[39m:    POST /store/orders ← http://localhost:3000/ (200) - 39.169 ms
[32mhttp[39m:    OPTIONS /store/orders?customerKey=token_1767916982537 ← http://localhost:3000/ (204) - 0.377 ms
[32mhttp[39m:    OPTIONS /store/orders?customerKey=token_1767916982537 ← http://localhost:3000/ (204) - 0.761 ms
[32mhttp[39m:    GET /store/orders?customerKey=token_1767916982537 ← http://localhost:3000/ (401) - 8.233 ms
[32mhttp[39m:    GET /store/orders?customerKey=token_1767916982537 ← http://localhost:3000/ (401) - 7.025 ms
[32mhttp[39m:    OPTIONS /store/orders?customerKey=token_1767916982537 ← http://localhost:3000/ (204) - 0.408 ms
[32mhttp[39m:    OPTIONS /store/admin-settings ← http://localhost:3000/ (204) - 0.502 ms
[32mhttp[39m:    GET /store/orders?customerKey=token_1767916982537 ← http://localhost:3000/ (401) - 8.231 ms
[32mhttp[39m:    GET /store/admin-settings ← http://localhost:3000/ (304) - 11.598 ms
[32mhttp[39m:    GET /store/orders?customerKey=token_1767916982537 ← http://localhost:3000/ (401) - 4.905 ms
[32mhttp[39m:    GET /store/orders?customerKey=token_1767916982537 ← http://localhost:3000/ (401) - 5.612 ms
[32mhttp[39m:    OPTIONS /store/admin-orders ← http://localhost:3001/ (204) - 0.819 ms
[32mhttp[39m:    OPTIONS /store/admin-orders ← http://localhost:3001/ (204) - 0.564 ms
[32mhttp[39m:    GET /store/admin-orders ← http://localhost:3001/ (200) - 22.199 ms
[32mhttp[39m:    GET /store/admin-orders ← http://localhost:3001/ (304) - 13.769 ms
[32mhttp[39m:    OPTIONS /store/admin-orders ← http://localhost:3001/ (204) - 0.469 ms
[32mhttp[39m:    OPTIONS /store/admin-orders ← http://localhost:3001/ (204) - 0.688 ms
[32mhttp[39m:    GET /store/admin-orders ← http://localhost:3001/ (200) - 9.021 ms
[32mhttp[39m:    GET /store/admin-orders ← http://localhost:3001/ (304) - 9.696 ms
[32mhttp[39m:    OPTIONS /store/orders?customerKey=token_1767916982537 ← http://localhost:3000/ (204) - 0.368 ms
[32mhttp[39m:    OPTIONS /store/admin-settings ← http://localhost:3000/ (204) - 0.284 ms
[32mhttp[39m:    GET /store/orders?customerKey=token_1767916982537 ← http://localhost:3000/ (401) - 8.382 ms
[32mhttp[39m:    GET /store/admin-settings ← http://localhost:3000/ (304) - 11.161 ms
[32mhttp[39m:    OPTIONS /store/admin-settings ← http://localhost:3000/ (204) - 0.338 ms
[32mhttp[39m:    OPTIONS /store/admin-settings ← http://localhost:3000/ (204) - 0.394 ms
[32mhttp[39m:    GET /store/admin-settings ← http://localhost:3000/ (304) - 10.693 ms
[32mhttp[39m:    OPTIONS /store/admin-products ← http://localhost:3000/ (204) - 0.293 ms
[32mhttp[39m:    GET /store/admin-settings ← http://localhost:3000/ (304) - 14.659 ms
[32mhttp[39m:    GET /store/admin-products ← http://localhost:3000/ (304) - 25.280 ms
[32mhttp[39m:    GET /store/admin-products ← http://localhost:3000/ (304) - 24.744 ms
[32mhttp[39m:    OPTIONS /store/admin-settings ← http://localhost:3000/ (204) - 0.364 ms
[32mhttp[39m:    OPTIONS /store/admin-settings ← http://localhost:3000/ (204) - 0.487 ms
[32mhttp[39m:    GET /store/admin-settings ← http://localhost:3000/ (304) - 59.174 ms
[32mhttp[39m:    OPTIONS /store/admin-products ← http://localhost:3000/ (204) - 0.665 ms
[32mhttp[39m:    GET /store/admin-settings ← http://localhost:3000/ (304) - 51.547 ms
[32mhttp[39m:    GET /store/admin-products ← http://localhost:3000/ (304) - 68.485 ms
[32mhttp[39m:    GET /store/admin-products ← http://localhost:3000/ (304) - 30.401 ms
[32mhttp[39m:    OPTIONS /store/admin-settings ← http://localhost:3000/ (204) - 0.624 ms
[32mhttp[39m:    OPTIONS /store/admin-settings ← http://localhost:3000/ (204) - 0.421 ms
[32mhttp[39m:    GET /store/admin-settings ← http://localhost:3000/ (304) - 12.864 ms
[32mhttp[39m:    OPTIONS /store/admin-products ← http://localhost:3000/ (204) - 0.623 ms
[32mhttp[39m:    GET /store/admin-settings ← http://localhost:3000/ (304) - 22.244 ms
[32mhttp[39m:    GET /store/admin-products ← http://localhost:3000/ (304) - 36.592 ms
[32mhttp[39m:    GET /store/admin-products ← http://localhost:3000/ (304) - 34.915 ms
[32mhttp[39m:    GET /store/admin-settings ← http://localhost:3000/ (304) - 8.117 ms
[32mhttp[39m:    GET /store/admin-settings ← http://localhost:3000/ (304) - 12.824 ms
[32mhttp[39m:    GET /store/admin-products ← http://localhost:3000/ (304) - 23.878 ms
[32mhttp[39m:    GET /store/admin-products ← http://localhost:3000/ (304) - 21.262 ms
[32mhttp[39m:    OPTIONS /store/admin-settings ← http://localhost:3000/ (204) - 0.385 ms
[32mhttp[39m:    OPTIONS /store/admin-settings ← http://localhost:3000/ (204) - 0.267 ms
[32mhttp[39m:    GET /store/admin-settings ← http://localhost:3000/ (304) - 10.667 ms
[32mhttp[39m:    OPTIONS /store/admin-products ← http://localhost:3000/ (204) - 0.248 ms
[32mhttp[39m:    GET /store/admin-settings ← http://localhost:3000/ (304) - 7.256 ms
[32mhttp[39m:    GET /store/admin-products ← http://localhost:3000/ (304) - 22.277 ms
[32mhttp[39m:    GET /store/admin-products ← http://localhost:3000/ (304) - 23.682 ms
[32mhttp[39m:    OPTIONS /store/admin-settings ← http://localhost:3000/ (204) - 0.350 ms
[32mhttp[39m:    OPTIONS /store/admin-settings ← http://localhost:3000/ (204) - 0.274 ms
[32mhttp[39m:    GET /store/admin-settings ← http://localhost:3000/ (304) - 10.130 ms
[32mhttp[39m:    OPTIONS /store/admin-products ← http://localhost:3000/ (204) - 0.383 ms
[32mhttp[39m:    GET /store/admin-settings ← http://localhost:3000/ (304) - 8.506 ms
[32mhttp[39m:    GET /store/admin-products ← http://localhost:3000/ (304) - 22.440 ms
[32mhttp[39m:    GET /store/admin-products ← http://localhost:3000/ (304) - 24.580 ms
[32mhttp[39m:    OPTIONS /store/admin-settings ← http://localhost:3000/ (204) - 0.323 ms
[32mhttp[39m:    OPTIONS /store/admin-settings ← http://localhost:3000/ (204) - 0.392 ms
[32mhttp[39m:    GET /store/admin-settings ← http://localhost:3000/ (304) - 8.890 ms
[32mhttp[39m:    OPTIONS /store/admin-products ← http://localhost:3000/ (204) - 0.367 ms
[32mhttp[39m:    GET /store/admin-settings ← http://localhost:3000/ (304) - 9.280 ms
[32mhttp[39m:    GET /store/admin-products ← http://localhost:3000/ (304) - 30.586 ms
[32mhttp[39m:    OPTIONS /store/admin-settings ← http://localhost:3000/ (204) - 0.371 ms
[32mhttp[39m:    OPTIONS /store/admin-settings ← http://localhost:3000/ (204) - 0.257 ms
[32mhttp[39m:    GET /store/admin-settings ← http://localhost:3000/ (304) - 8.862 ms
[32mhttp[39m:    GET /store/admin-settings ← http://localhost:3000/ (304) - 10.605 ms
[32mhttp[39m:    OPTIONS /store/admin-products ← http://localhost:3000/ (204) - 0.528 ms
[32mhttp[39m:    OPTIONS /store/admin-products ← http://localhost:3000/ (204) - 0.488 ms
[32mhttp[39m:    GET /store/admin-products ← http://localhost:3000/ (304) - 40.110 ms
[32mhttp[39m:    GET /store/admin-products ← http://localhost:3000/ (304) - 45.295 ms
[32mhttp[39m:    GET /store/admin-settings ← http://localhost:3000/ (304) - 9.606 ms
[32mhttp[39m:    GET /store/admin-settings ← http://localhost:3000/ (304) - 10.771 ms
[32mhttp[39m:    GET /store/admin-products ← http://localhost:3000/ (304) - 31.192 ms
[32mhttp[39m:    OPTIONS /store/orders?customerKey=token_1767921816521 ← http://localhost:3000/ (204) - 0.375 ms
[32mhttp[39m:    OPTIONS /store/orders?customerKey=token_1767921816521 ← http://localhost:3000/ (204) - 0.481 ms
[32mhttp[39m:    GET /store/orders?customerKey=token_1767921816521 ← http://localhost:3000/ (401) - 5.939 ms
[32mhttp[39m:    GET /store/orders?customerKey=token_1767921816521 ← http://localhost:3000/ (401) - 5.394 ms
[32mhttp[39m:    OPTIONS /store/admin-settings ← http://localhost:3000/ (204) - 0.367 ms
[32mhttp[39m:    OPTIONS /store/admin-settings ← http://localhost:3000/ (204) - 0.414 ms
[32mhttp[39m:    GET /store/admin-settings ← http://localhost:3000/ (304) - 9.280 ms
[32mhttp[39m:    OPTIONS /store/admin-products ← http://localhost:3000/ (204) - 0.269 ms
[32mhttp[39m:    GET /store/admin-settings ← http://localhost:3000/ (304) - 8.158 ms
[32mhttp[39m:    GET /store/admin-products ← http://localhost:3000/ (304) - 25.650 ms
[32mhttp[39m:    GET /store/admin-products ← http://localhost:3000/ (304) - 22.815 ms
[32mhttp[39m:    GET /store/admin-settings ← http://localhost:3000/ (304) - 9.940 ms
[32mhttp[39m:    GET /store/admin-settings ← http://localhost:3000/ (304) - 16.214 ms
[32mhttp[39m:    GET /store/admin-products ← http://localhost:3000/ (304) - 31.699 ms
[32mhttp[39m:    GET /store/admin-products ← http://localhost:3000/ (304) - 28.254 ms
[32mhttp[39m:    OPTIONS /store/orders?customerKey=token_1767921816521 ← http://localhost:3000/ (204) - 0.579 ms
[32mhttp[39m:    OPTIONS /store/orders?customerKey=token_1767921816521 ← http://localhost:3000/ (204) - 0.397 ms
[32mhttp[39m:    GET /store/orders?customerKey=token_1767921816521 ← http://localhost:3000/ (401) - 5.840 ms
[32mhttp[39m:    GET /store/orders?customerKey=token_1767921816521 ← http://localhost:3000/ (401) - 6.432 ms
[32mhttp[39m:    GET /store/admin-settings ← http://localhost:3000/ (304) - 12.824 ms
[32mhttp[39m:    GET /store/admin-settings ← http://localhost:3000/ (304) - 17.040 ms
[32mhttp[39m:    GET /store/admin-products ← http://localhost:3000/ (304) - 31.806 ms
[32mhttp[39m:    OPTIONS /store/admin-settings ← http://localhost:3000/ (204) - 0.326 ms
[32mhttp[39m:    OPTIONS /store/admin-settings ← http://localhost:3000/ (204) - 0.538 ms
[32mhttp[39m:    GET /store/admin-settings ← http://localhost:3000/ (304) - 10.542 ms
[32mhttp[39m:    OPTIONS /store/admin-products ← http://localhost:3000/ (204) - 0.335 ms
[32mhttp[39m:    GET /store/admin-settings ← http://localhost:3000/ (304) - 10.546 ms
[32mhttp[39m:    GET /store/admin-products ← http://localhost:3000/ (304) - 30.265 ms
[32mhttp[39m:    GET /store/admin-products ← http://localhost:3000/ (304) - 30.659 ms
[32mhttp[39m:    GET /store/admin-settings ← http://localhost:3000/ (304) - 10.705 ms
[32mhttp[39m:    GET /store/admin-settings ← http://localhost:3000/ (304) - 10.173 ms
[32mhttp[39m:    OPTIONS /store/orders ← http://localhost:3000/ (204) - 0.305 ms
[32mhttp[39m:    POST /store/orders ← http://localhost:3000/ (200) - 19.789 ms
[32mhttp[39m:    OPTIONS /store/orders?customerKey=token_1767921816521 ← http://localhost:3000/ (204) - 0.329 ms
[32mhttp[39m:    OPTIONS /store/orders?customerKey=token_1767921816521 ← http://localhost:3000/ (204) - 0.747 ms
[32mhttp[39m:    GET /store/orders?customerKey=token_1767921816521 ← http://localhost:3000/ (401) - 6.915 ms
[32mhttp[39m:    GET /store/orders?customerKey=token_1767921816521 ← http://localhost:3000/ (401) - 4.620 ms
[32mhttp[39m:    OPTIONS /store/orders?customerKey=token_1767921816521 ← http://localhost:3000/ (204) - 0.434 ms
[32mhttp[39m:    OPTIONS /store/admin-settings ← http://localhost:3000/ (204) - 0.383 ms
[32mhttp[39m:    GET /store/orders?customerKey=token_1767921816521 ← http://localhost:3000/ (401) - 9.217 ms
[32mhttp[39m:    GET /store/admin-settings ← http://localhost:3000/ (304) - 11.375 ms
[32mhttp[39m:    OPTIONS /store/admin-orders ← http://localhost:3001/ (204) - 0.514 ms
[32mhttp[39m:    OPTIONS /store/admin-orders ← http://localhost:3001/ (204) - 0.289 ms
[32mhttp[39m:    GET /store/admin-orders ← http://localhost:3001/ (200) - 8.662 ms
[32mhttp[39m:    GET /store/admin-orders ← http://localhost:3001/ (304) - 9.243 ms
[32minfo[39m:    [Watcher] modified src/api/store/orders/route.ts modified: restarting dev server
[32minfo[39m:    Gracefully shutting down server
[32minfo[39m:    [Watcher] Reloaded in 7.73ms
[32minfo[39m:    redisUrl not found. A fake redis instance will be used.
- Creating server
[32minfo[39m:    redisUrl not found. A fake redis instance will be used.
[32minfo[39m:    Skipping instrumentation registration. No register function found.
[32minfo[39m:    redisUrl not found. A fake redis instance will be used.
[32minfo[39m:    No link to load from /Users/User/daw-store/backend/node_modules/@medusajs/draft-order/.medusa/server/src/links. skipped.
[33mwarn[39m:    Local Event Bus installed. This is not recommended for production.
[32minfo[39m:    Locking module: Using "in-memory" as default.
[32minfo[39m:    No workflow to load from /Users/User/daw-store/backend/node_modules/@medusajs/draft-order/.medusa/server/src/workflows. skipped.
[32minfo[39m:    No subscriber to load from /Users/User/daw-store/backend/node_modules/@medusajs/draft-order/.medusa/server/src/subscribers. skipped.
[32minfo[39m:    No job to load from /Users/User/daw-store/backend/node_modules/@medusajs/medusa/dist/jobs. skipped.
[32minfo[39m:    No job to load from /Users/User/daw-store/backend/node_modules/@medusajs/draft-order/.medusa/server/src/jobs. skipped.
Error: listen EADDRINUSE: address already in use :::9001
    at Server.setupListenHandle [as _listen2] (node:net:1912:16)
    at listenInCluster (node:net:1969:12)
    at Server.listen (node:net:2074:7)
    at internalStart (/Users/User/daw-store/backend/node_modules/@medusajs/medusa/src/commands/start.ts:306:15)
    at async start (/Users/User/daw-store/backend/node_modules/@medusajs/medusa/src/commands/start.ts:405:12) {
  code: 'EADDRINUSE',
  errno: -48,
  syscall: 'listen',
  address: '::',
  port: 9001
}
[32minfo[39m:    [Watcher] modified src/api/store/admin-orders/[id]/route.ts modified: restarting dev server
[32minfo[39m:    Gracefully shutting down server
[32minfo[39m:    [Watcher] Reloaded in 44.76ms
[32minfo[39m:    redisUrl not found. A fake redis instance will be used.
- Creating server
[32minfo[39m:    redisUrl not found. A fake redis instance will be used.
[32minfo[39m:    Skipping instrumentation registration. No register function found.
[32minfo[39m:    redisUrl not found. A fake redis instance will be used.
[32minfo[39m:    No link to load from /Users/User/daw-store/backend/node_modules/@medusajs/draft-order/.medusa/server/src/links. skipped.
[33mwarn[39m:    Local Event Bus installed. This is not recommended for production.
[32minfo[39m:    Locking module: Using "in-memory" as default.
[32minfo[39m:    No workflow to load from /Users/User/daw-store/backend/node_modules/@medusajs/draft-order/.medusa/server/src/workflows. skipped.
[32minfo[39m:    No subscriber to load from /Users/User/daw-store/backend/node_modules/@medusajs/draft-order/.medusa/server/src/subscribers. skipped.
[32minfo[39m:    No job to load from /Users/User/daw-store/backend/node_modules/@medusajs/medusa/dist/jobs. skipped.
[32minfo[39m:    No job to load from /Users/User/daw-store/backend/node_modules/@medusajs/draft-order/.medusa/server/src/jobs. skipped.
Error: listen EADDRINUSE: address already in use :::9001
    at Server.setupListenHandle [as _listen2] (node:net:1912:16)
    at listenInCluster (node:net:1969:12)
    at Server.listen (node:net:2074:7)
    at internalStart (/Users/User/daw-store/backend/node_modules/@medusajs/medusa/src/commands/start.ts:306:15)
    at async start (/Users/User/daw-store/backend/node_modules/@medusajs/medusa/src/commands/start.ts:405:12) {
  code: 'EADDRINUSE',
  errno: -48,
  syscall: 'listen',
  address: '::',
  port: 9001
}
[32minfo[39m:    [Watcher] modified src/api/store/admin-products/route.ts modified: restarting dev server
[32minfo[39m:    [Watcher] Reloaded in 26.13ms
[32minfo[39m:    Gracefully shutting down server
[32minfo[39m:    redisUrl not found. A fake redis instance will be used.
- Creating server
[32minfo[39m:    redisUrl not found. A fake redis instance will be used.
[32minfo[39m:    Skipping instrumentation registration. No register function found.
[32minfo[39m:    redisUrl not found. A fake redis instance will be used.
[32minfo[39m:    No link to load from /Users/User/daw-store/backend/node_modules/@medusajs/draft-order/.medusa/server/src/links. skipped.
[33mwarn[39m:    Local Event Bus installed. This is not recommended for production.
[32minfo[39m:    Locking module: Using "in-memory" as default.
[32minfo[39m:    No workflow to load from /Users/User/daw-store/backend/node_modules/@medusajs/draft-order/.medusa/server/src/workflows. skipped.
[32minfo[39m:    No subscriber to load from /Users/User/daw-store/backend/node_modules/@medusajs/draft-order/.medusa/server/src/subscribers. skipped.
[32minfo[39m:    No job to load from /Users/User/daw-store/backend/node_modules/@medusajs/medusa/dist/jobs. skipped.
[32minfo[39m:    No job to load from /Users/User/daw-store/backend/node_modules/@medusajs/draft-order/.medusa/server/src/jobs. skipped.
Error: listen EADDRINUSE: address already in use :::9001
    at Server.setupListenHandle [as _listen2] (node:net:1912:16)
    at listenInCluster (node:net:1969:12)
    at Server.listen (node:net:2074:7)
    at internalStart (/Users/User/daw-store/backend/node_modules/@medusajs/medusa/src/commands/start.ts:306:15)
    at async start (/Users/User/daw-store/backend/node_modules/@medusajs/medusa/src/commands/start.ts:405:12) {
  code: 'EADDRINUSE',
  errno: -48,
  syscall: 'listen',
  address: '::',
  port: 9001
}
                                                                                                                                                                                                                                                                                                                                                                                                                                                                                                                                                                                                                                                                                                                                                                                                                                                                                                                                                                                                                                                                                                                                                                                                                                                                                                                                                                                                                                                                                                                                                                                                                                                                                                                                                                                                                                                                                                                                                                                                                                                                                                                                                                                                                                                                                                                                                                                                                                                                                                                                                                                                                                                                                                                                                                                                                                                                                                                                                                                                                                                                                                                                                                                                                                                                                                                                                                                                                                                                                                                                                                                                                                                                                                                                                                                                                                                                                                                                                                                                                                                                                                                                                                                                                                                                                                                                                                                                                                                                                                                                                                                                                                                                                                                                                                                                                                                                                                                                                                                                                                                                                                                                                                                                                                                                                                                                                                                                                                                                                                                                                                                                                                                                                                                                                                                                                                                                                                                                                                                                                                                                                                                                                                                                                                                                                                                                                                                                                                                                                                                                                                                                                                                                                                                                                                                                                                                                                                                                                                                                                                                                                                                                                                                                                                                                                                                                                                                                                                                                                                                                                                                                                                                                                                                                                                                                                                                                                                                                                                                                                                                                                                                                                                                                                                                                                                                                                                                                                                                                                                                                                                                                                                                                                                                                                                                                                                                                                                                                                                                                                                                                                                                                                                                                                                                                                                                                                                                                                                                                                                                                                                                                                                                                                                                                                                                                                                                                                                                                                                                                                                                                                                                                                                                                                                                                                                                                                                                                                                                                                                                                                                                                                                                                                                                                                                                                                                                                                                                                                                                                                                                                                                                                                                                                                                                                                                                                                                                                                                                                                                                                                                                                                                                                                                                                                                                                                                                                                                                                                                                                                                                                                                                                                                                                                                                                                                                                                                                                                                                                                                                                                                                                                                                                                                                                                                                                                                                                                                                                                                                                                                                                                                                                                                                                                                                                                                                                                                                                                                                                                                                                                                                                                                                                                                                                                                                                                                                                                                                                                                                                                                                                                                                                                                                                                                                                                                                                                                                                                                                                                                                                                                                                                                                                                                                                                                                                                                                                                                                                                                                                                                                                                                                                                                                                                                                                                                                                                                                                                                                                                                                                                                                                                                                                                                                                                                                                                                                                                                                                                                                                                                                                                                                                                                                                                                                                                                                                                                                                                                                                                                                                                                                                                                                                                                                                                                                                                                                                                                                                                                                                                                                                                                                                                                                                                                                                                                                                                                                                                                                                                                                                                                                                                                                                                                                                                                                                                                                                                                                                                                                                                                                                                                                                                                                                                                                                                                                                                                                                                                                                                                                                                                                                                                                                                                                                                                                                                                                                                                                                                                                                                                                                                                                                                                                                                                                                                                                                                                                                                                                                                                                                                                                                                                                                                                                                                                                                                                                                                                                                                                                                                                                                                                                                                                                                                                                                                                                                                                                                                                                                                                                                                                                                                                                                                                                                                                                                                                                                                                                                                                                                                                                                                                                                                                                                                                                                                                                                                                                                                                                                                                                                                                                                                                                                                                                                                                                                                                                                                                                                                                                                                                                                                                                                                                                                                                                                                                                                                                                                                                                                                                                                                                                                                                                                                                                                                                                                                                                                                                                                                                                                                                                                                                                                                                                                                                                                                                                                                                                                                                                                                                                                                                                                                                                                                                                                                                                                                                                                                                                                                                                                                                                                                                                                                                                                                                                                                                                                                                                                                                                                                                                                                                                                                                                                                                                                                                                                                                                                                                                                                                                                                                                                                                                                                                                                                                                                                                                                                                                                                                                                                                                                                                                                                                                                                                                                                                                                                                                                                                                                                                                                                                                                                                                                                                                                                                                                                                                                                                                                                                                                                                                                                                                                                                                                                                                                                                                                                                                                                                                                                                                                                                                                                                                                                                                                                                                                                                                                                                                                                                                                                                                                                                                                                                                                                                                                                                                                                                                                                                                                                                                                                                                                                                                                                                                                                                                                                                                                                                                                                                                                                                                                                                                                                                                                                                                                                                                                                                                                                                                                                                                                                                                                                                                                                                                                                                                                                                                                                                                                                                                                                                                                                                                                                                                                                                                                                                                                                                                                                                                                                                                                                                                                                                                                                                                                                                                                                                                                                                                                                                                                                                                                                                                                                                                                                                                                                                                                                                                                                                                                                                                                                                                                                                                                                                                                                                                                                                                                                                                                                                                                                                                                                                                                                                                                                                                                                                                                                                                                                                                                                                                                                                                                                                                                                                                                                                                                                                                                                                                                                                                                                                                                                                                                                                                                                                                                                                                                                                                                                                                                                                                                                                                                                                                                                                                                                                                                                                                                                                                                                                                                                                                                                                                                                                                                                                                                                                                                                                                                                                                                                                                                                                                                                                                                                                                                                                                                                                                                                                                                                                                                                                                                                                                                                                                                                                                                                                                                                                                                                                                                                                                                                                                                                                                                                                                                                                                                                                                                                                                                                                                                                                                                                                                                                                                                                                                                                                                                                                                                                                                                                                                                                                                                                                                                                                                                                                                                                                                                                                                                                                                                                                                                                                                                                                                                                                                                                                                                                                                                                                                                                                                                                                                                                                                                                                                                                                                                                                                                                                                                                                                                                                                                                                                                                                                                                                                                                                                                                                                                                                                                                                                                                                                                                                                                                                                                                                                                                                                                                                                                                                                                                                                                                                                                                                                                                                                                                                                                                                                                                                                                                                                                                                                                                                                                                                                                                                                                                                                                                                                                                                                                                                                                                                                                                                                                                                                                                                                                                                                                                                                                                                                                                                                                                                                                                                                                                                                                                                                                                                                                                                                                                                                                                                                                                                                                                                                                                                                                                                                                                                                                                                                                                                                                                                                                                                                                                                                                                                                                                                                                                                                                                                                                                                                                                                                                                                                                                                                                                                                                                                                                                                                                                                                                                                                                                                                                                                                                                                                                                                                                                                                                                                                                                                                                                                                                                                                                                                                                                                                                                                                                                                                                                                                                                                                                                                                                                                                                                                                                                                                                                                                                                                                                                                                                                                                                                                                                                                                                                                                                                                                                                                                                                                                                                                                                                                                                                                                                                                                                                                                                                                                                                                                                                                                                                                                                                                                                                                                                                                                                                                                                                                                                                                                                                                                                                                                                                                                                                                                                                                                                                                                                                                                                                                                                                                                                                                                                                                                                                                                                                                                                                                                                                                                                                                                                                                                                                                                                                                                                                                                                                                                                                                                                                                                                                                                                                                                                                                                                                                                                                                                                                                                                                                                                                                                                                                                                                                                                                                                                                                                                                                                                                                                                                                                                                                                                                                                                                                                                                                                                                                                                                                                                                                                                                                                                                                                                                                                                                                                                                                                                                                                                                                                                                                                                                                                                                                                                                                                                                                                                                                                                                                                                                                                                                                                                                                                                                                                                                                                                                                                                                                                                                                                                                                                                                                                                                                                                                                                                                                                                                                                                                                                                                                                                                                                                                                                                                                                                                                                                                                                                                                                                                                                                                                                                                                                                                                                                                                                                                                                                                                                                                                                                                                                                                                                                                                                                                                                                                                                                                                                                                                                                                                                                                                                                                                                                                                                                                                                                                                                                                                                                                                                                                                                                                                                                                                                                                                                                                                                                                                                                                                                                                                                                                                                                                                                                                                                                                                                                                                                                                                                                                                                                                                                                                                                                                                                                                                                                                                                                                                                                                                                                                                                                                                                                                                                                                                                                                                                                                                                                                                                                                                                                                                                                                                                                                                                                                                                                                                                                                                                                                                                                                                                                                                                                                                                                                                                                                                                                                                                                                                                                                                                                                                                                                                                                                                                                                                                                                                                                                                                                                                                                                                                                                                                                                                                                                                                                                                                                                                                                                                                                                                                                                                                                                                                                                                                                                                                                                                                                                                                                                                                                                                                                                                                                                                                                                                                                                                                                                                                                                                                                                                                                                                                                                                                                                                                                                                                                                                                                                                                                                                                                                                                                                                                                                                                                                                                                                                                                                                                                                                                                                                                                                                                                                                                                                                                                                                                                                                                                                                                                                                                                                                                                                                                                                                                                                                                                                                                                                                                                                                                                                                                                                                                                                                                                                                                                                                                                                                                                                                                                                                                                                                                                                                                                                                                                                                                                                                                                                                                                                                                                                                                                                                                                                                                                                                                                                                                                                                                                                                                                                                                                                                                                                                                                                                                                                                                                                                                                                                                                                                                                                                                                                                                                                                                                                                                                                                                                                                                                                                                                                                                                                                                                                                                                                                                                                                                                                                                                                                                                                                                                                                                                                                                                                                                                                                                                                                                                                                                                                                                                                                                                                                                                                                                                                                                                                                                                                                                                                                                                                                                                                                                                                                                                                                                                                                                                                                                                                                                                                                                                                                                                                                                                                                                                                                                                                                                                                                                                                                                                                                                                                                                                                                                                                                                                                                                                                                                                                                                                                                                                                                                                                                                                                                                                                                                                                                                                                                                                                                                                                                                                                                                                                                                                                                                                                                                                                                                                                                                                                                                                                                                                                                                                                                                                                                                                                                                                                                                                                                                                                                                                                                                                                                                                                                                                                                                                                                                                                                                                                                                                                                                                                                                                                                                                                                                                                                                                                                                                                                                                                                                                                                                                                                                                                                                                                                                                                                                                                                                                                                                                                                                                                                                                                                                                                                                                                                                                                                                                                                                                                                                                                                                                                                                                                                                                                                                                                                                                                                                                                                                                                                                                                                                                                                                                                                                                                                                                                                                                                                                                                                                                                                                                                                                                                                                                                                                                                                                                                                                                                                                                                                                                                                                                                                                                                                                                                                                                                                                                                                                                                                                                                                                                                                                                                                                                                                                                                                                                                                                                                                                                                                                                                                                                                                                                                                                                                                                                                                                                                                                                                                                                                                                                                                                                                                                                                                                                                                                                                                                                                                                                                                                                                                                                                                                                                                                                                                                                                                                                                                                                                                                                                                                                                                                                                                                                                                                                                                                                                                                                                                                                                                                                                                                                                                                                                                                                                                                                                                                                                                                                                                                                                                                                                                                                                                                                                                                                                                                                                                                                                                                                                                                                                                                                                                                                                                                                                                                                                                                                                                                                                                                                                                                                                                                                                                                                                                                                                                                                                                                                                                                                                                                                                                                                                                                                                                                                                                                                                                                                                                                                                                                                                                                                                                                                                                                                                                                                                                                                                                                                                                                                                                                                                                                                                                                                                                                                                                                                                                                                                                                                                                                                                                                                                                                                                                                                                                                                                                                                                                                                                                                                                                                                                                                                                                                                                                                                                                                                                                                                                                                                                                                                                                                                                                                                                                                                                                                                                                                                                                                                                                                                                                                                                                                                                                                                                                                                                                                                                                                                                                                                                                                                                                                                                                                                                                                                                                                                                                                                                                                                                                                                                                                                                                                                                                                                                                                                                                                                                                                                                                                                                                                                                                                                                                                                                                                                                                                                                                                                                                                                                                                                                                                                                                                                                                                                                                                                                                                                                                                                                                                                                                                                                                                                                                                                                                                                                                                                                                                                                                                                                                                                                                                                                                                                                                                                                                                                                                                                                                                                                                                                                                                                                                                                                                                                                                                                                                                                                                                                                                                                                                                                                                                                                                                                                                                                                                                                                                                                                                                                                                                                                                                                                                                                                                                                                                                                                                                                                                                                                                                                                                                                                                                                                                                                                                                                                                                                                                                                                                                                                                                                                                                                                                                                                                                                                                                                                                                                                                                                                                                                                                                                                                                                                                                                                                                                                                                                                                                                                                                                                                                                                                                                                                                                                                                                                                                                                                                                                                                                                                                                                                                                                                                                                                                                                                                                                                                                                                                                                                                                                                                                                                                                                                                                                                                                                                                                                                                                                                                                                                                                                                                                                                                                                                                                                                                                                                                                                                                                                                                                                                                                                                                                                                                                                                                                                                                                                                                                                                                                                                                                                                                                                                                                                                                                                                                                                                                                                                                                                                                                                                                                                                                                                                                                                                                                                                                                                                                                                                                                                                                                                                                                                                                                                                                                                                                                                                                                                                                                                                                                                                                                                                                                                                                                                                                                                                                                                                                                                                                                                                                                                                                                                                                                                                                                                                                                                                                                                                                                                                                                                                                                                                                                                                                                                                                                                                                                                                                                                                                                                                                                                                                                                                                                                                                                                                                                                                                                                                                                                                                                                                                                                                                                                                                                                                                                                                                                                                                                                                                                                                                                                                                                                                                                                                                                                                                                                                                                                                                                                                                                                                                                                                                                                                                                                                                                                                                                                                                                                                                                                                                                                                                                                                                                                                                                                                                                                                                                                                                                                                                                                                                                                                                                                                                                                                                                                                                                                                                                                                                                                                                                                                                                                                                                                                                                                                                                                                                                                                                                                                                                                                                                                                                                                                                                                                                                                                                                                                                                                                                                                                                                                                                                                                                                                                                                                                                                                                                                                                                                                                                                                                                                                                                                                                                                                                                                                                                                                                                                                                                                                                                                                                                                                                                                                                                                                                                                                                                                                                                                                                                                                                                                                                                                                                                                                                                                                                                                                                                                                                                                                                                                                                                                                                                                                                                                                                                                                                                                                                                                                                                                                                                                                                                                                                                                                                                                                                                                                                                                                                                                                                                                                                                                                                                                                                                                                                                                                                                                                                                                                                                                                                                                                                                                                                                                                                                                                                                                                                                                                                                                                                                                                                                                                                                                                                                                                                                                                                                                                                                                                                                                                                                                                                                                                                                                                                                                                                                                                                                                                                                                                                                                                                                                                                                                                                                                                                                                                                                                                                                                                                                                                                                                                                                                                                                                                                                                                                                                                                                                                                                                                                                                                                                                                                                                                                                                                                                                                                                                                                                                                                                                                                                                                                                                                                                                                                                                                                                                                                                                                                                                                                                                                                                                                                                                                                                                                                                                                                                                                                                                                                                                                                                                                                                                                                                                                                                                                                                                                                                                                                                                                                                                                                                                                                                                                                                                                                                                                                                                                                                                                                                                                                                                                                                                                                                                                                                                                                                                                                                                                                                                                                                                                                                                                                                                                                                                                                                                                                                                                                                                                                                                                                                                                                                                                                                                                                                                                                                                                                                                                                                                                                                                                                                                                                                                                                                                                                                                                                                                                                                                                                                                                                                                                                                                                                                                                                                                                                                                                                                                                                                                                                                                                                                                                                                                                                                                                                                                                                                                                                                                                                                                                                                                                                                                                                                                                                                                                                                                                                                                                                                                                                                                                                                                                                                                                                                                                                                                                                                                                                                                                                                                                                                                                                                                                                                                                                                                                                                                                                                                                                                                                                                                                                                                                                                                                                                                                                                                                                                                                                                                                                                                                                                                                                                                                                                                                                                                                                                                                                                                                                                                                                                                                                                                                                                                                                                                                                                                                                                                                                                                                                                                                                                                                                                                                                                                                                                                                                                                                                                                                                                                                                                                                                                                                                                                                                                                                                                                                                                                                                                                                                                                                                                                                                                                                                                                                                                                                                                                                                                                                                                                                                                                                                                                                                                                                                                                                                                                                                                                                                                                                                                                                                                                                                                                                                                                                                                                                                                                                                                                                                                                                                                                                                                                                                                                                                                                                                                                                                                                                                                                                                                                                                                                                                                                                                                                                                                                                                                                                                                                                                                                                                                                                                                                                                                                                                                                                                                                                                                                                                                                                                                                                                                                                                                                                                                                                                                                                                                                                                                                                                                                                                                                                                                                                                                                                                                                                                                                                                                                                                                                                                                                                                                                                                                                                                                                                                                                                                                                                                                                                                                                                                                                                                                                                                                                                                                                                                                                                                                                                                                                                                                                                                                                                                                                                                                                                                                                                                                                                                                                                                                                                                                                                                                                                                                                                                                                                                                                                                                                                                                                                                                                                                                                                                                                                                                                                                                                                                                                                                                                                                                                                                                                                                                                                                                                                                                                                                                                                                                                                                                                                                                                                                                                                                                                                                                                                                                                                                                                                                                                                                                                                                                                                                                                                                                                                                                                                                                                                                                                                                                                                                                                                                                                                                                                                                                                                                                                                                                                                                                                                                                                                                                                                                                                                                                                                                                                                                                                                                                                                                                                                                                                                                                                                                                                                                                                                                                                                                                                                                                                                                                                                                                                                                                                                                                                                                                                                                                                                                                                                                                                                                                                                                                                                                                                                                                                                                                                                                                                                                                                                                                                                                                                                                                                                                                                                                                                                                                                                                                                                                                                                                                                                                                                                                                                                                                                                                                                                                                                                                                                                                                                                                                                                                                                                                                                                                                                                                                                                                                                                                                                                                                                                                                                                                                                                                                                                                                                                                                                                                                                                                                                                                                                                                                                                                                                                                                                                                                                                                                                                                                                                                                                                                                                                                                                                                                                                                                                                                                                                                                                                                                                                                                                                                                                                                                                                                                                                                                                                                                                                                                                                                                                                                                                                                                                                                                                                                                                                                                                                                                                                                                                                                                                                                                                                                                                                                                                                                                                                                                                                                                                                                                                                                                                                                                                                                                                                                                                                                                                                                                                                                                                                                                                                                                                                                                                                                                                                                                                                                                                                                                                                                                                                                                                                                                                                                                                                                                                                                                                                                                                                                                                                                                                                                                                                                                                                                                                                                                                                                                                                                                                                                                                                                                                                                                                                                                                                                                                                                                                                                                                                                                                                                                                                                                                                                                                                                                                                                                                                                                                                                                                                                                                                                                                                                                                                                                                                                                                                                                                                                                                                                                                                                                                                                                                                                                                                                                                                                                                                                                                                                                                                                                                                                                                                                                                                                                                                                                                                                                                                                                                                                                                                                                                                                                                                                                                                                                                                                                                                                                                                                                                                                                                                                                                                                                                                                                                                                                                                                                                                                                                                                                                                                                                                                                                                                                                                                                                                                                                                                                                                                                                                                                                                                                                                                                                                                                                                                                                                                                                                                                                                                                                                                                                                                                                                                                                                                                                                                                                                                                                                                                                                                                                                                                                                                                                                                                                                                                                                                                                                                                                                                                                                                                                                                                                                                                                                                                                                                                                                                                                                                                                                                                                                                                                                                                                                                                                                                                                                                                                                                                                                                                                                                                                                                                                                                                                                                                                                                                                                                                                                                                                                                                                                                                                                                                                                                                                                                                                                                                                                                                                                                                                                                                                                                                                                                                                                                                                                                                                                                                                                                                                                                                                                                                                                                                                                                                                                                                                                                                                                                                                                                                                                                                                                                                                                                                                                                                                                                                                                                                                                                                                                                                                                                                                                                                                                                                                                                                                                                                                                                                                                                                                                                                                                                                                                                                                                                                                                                                                                                                                                                                                                                                                                                                                                                                                                                                                                                                                                                                                                                                                                                                                                                                                                                                                                                                                                                                                                                                                                                                                                                                                                                                                                                                                                                                                                                                                                                                                                                                                                                                                                                                                                                                                                                                                                                                                                                                                                                                                                                                                                                                                                                                                                                                                                                                                                                                                                                                                                                                                                                                                                                                                                                                                                                                                                                                                                                                                                                                                                                                                                                                                                                                                                                                                                                                                                                                                                                                                                                                                                                                                                                                                                                                                                                                                                                                                                                                                                                                                                                                                                                                                                                                                                                                                                                                                                                                                                                                                                                                                                                                                                                                                                                                                                                                                                                                                                                                                                                                                                                                                                                                                                                                                                                                                                                                                                                                                                                                                                                                                                                                                                                                                                                                                                                                                                                                                                                                                                                                                                                                                                                                                                                                                                                                                                                                                                                                                                                                                                                                                                                                                                                                                                                                                                                                                                                                                                                                                                                                                                                                                                                                                                                                                                                                                                                                                                                                                                                                                                                                                                                                                                                                                                                                                                                                                                                                                                                                                                                                                                                                                                                                                                                                                                                                                                                                                                                                                                                                                                                                                                                                                                                                                                                                                                                                                                                                                                                                                                                                                                                                                                                                                                                                                                                                                                                                                                                                                                                                                                                                                                                                                                                                                                                                                                                                                                                                                                                                                                                                                                                                                                                                                                                                                                                                                                                                                                                                                                                                                                                                                                                                                                                                                                                                                                                                                                                                                                                                                                                                                                                                                                                                                                                                                                                                                                                                                                                                                                                                                                                                                                                                                                                                                                                                                                                                                                                                                                                                                                                                                                                                                                                                                                                                                                                                                                                                                                                                                                                                                                                                                                                                                                                                                                                                                                                                                                                                                                                                                                                                                                                                                                                                                                                                                                                                                                                                                                                                                                                                                                                                                                                                                                                                                                                                                                                                                                                                                                                                                                                                                                                                                                                                                                                                                                                                                                                                                                                                                                                                                                                                                                                                                                                                                                                                                                                                                                                                                                                                                                                                                                                                                                                                                                                                                                                                                                                                                                                                                                                                                                                                                                                                                                                                                                                                                                                                                                                                                                                                                                                                                                                                                                                                                                                                                                                                                                                                                                                                                                                                                                                                                                                                                                                                                                                                                                                                                                                                                                                                                                                                                                                                                                                                                                                                                                                                                                                                                                                                                                                                                                                                                                                                                                                                                                                                                                                                                                                                                                                                                                                                                                                                                                                                                                                                                                                                                                                                                                                                                                                                                                                                                                                                                                                                                                                                                                                                                                                                                                                                                                                                                                                                                                                                                                                                                                                                                                                                                                                                                                                                                                                                                                                                                                                                                                                                                                                                                                                                                                                                                                                                                                                                                                                                                                                                                                                                                                                                                                                                                                                                                                                                                                                                                                                                                                                                                                                                                                                                                                                                                                                                                                                                                                                                                                                                                                                                                                                                                                                                                                                                                                                                                                                                                                                                                                                                                                                                                                                                                                                                                                                                                                                                                                                                                                                                                                                                                                                                                                                                                                                                                                                                                                                                                                                                                                                                                                                                                                                                                                                                                                                                                                                                                                                                                                                                                                                                                                                                                                                                                                                                                                                                                                                                                                                                                                                                                                                                                                                                                                                                                                                                                                                                                                                                                                                                                                                                                                                                                                                                                                                                                                                                                                                                                                                                                                                                                                                                                                                                                                                                                                                                                                                                                                                                                                                                                                                                                                                                                                                                                                                                                                                                                                                                                                                                                                                                                                                                                                                                                                                                                                                                                                                                                                                                                                                                                                                                                                                                                                                                                                                                                                                                                                                                                                                                                                                                                                                                                                                                                                                                                                                                                                                                                                                                                                                                                                                                                                                                                                                                                                                                                                                                                                                                                                                                                                                                                                                                                                                                                                                                                                                                                                                                                                                                                                                                                                                                                                                                                                                                                                                                                                                                                                                                                                                                                                                                                                                                                                                                                                                                                                                                                                                                                                                                                                                                                                                                                                                                                                                                                                                                                                                                                                                                                                                                                                                                                                                                                                                                                                                                                                                                                                                                                                                                                                                                                                                                                                                                                                                                                                                                                                                                                                                                                                                                                                                                                                                                                                                                                                                                                                                                                                                                                                                                                                                                                                                                                                                                                                                                                                                                                                                                                                                                                                                                                                                                                                                                                                                                                                                                                                                                                                                                                                                                                                                                                                                                                                                                                                                                                                                                                                                                                                                                                                                                                                                                                                                                                                                                                                                                                                                                                                                                                                                                                                                                                                                                                                                                                                                                                                                                                                                                                                                                                                                                                                                                                                                                                                                                                                                                                                                                                                                                                                                                                                                                                                                                                                                                                                                                                                                                                                                                                                                                                                                                                                                                                                                                                                                                                                                                                                                                                                                                                                                                                                                                                                                                                                                                                                                                                                                                                                                                                                                                                                                                                                                                                                                                                                                                                                                                                                                                                                                                                                                                                                                                                                                                                                                                                                                                                                                                                                                                                                                                                                                                                                                                                                                                                                                                                                                                                                                                                                                                                                                                                                                                                                                                                                                                                                                                                                                                                                                                                                                                                                                                                                                                                                                                                                                                                                                                                                                                                                                                                                                                                                                                                                                                                                                                                                                                                                                                                                                                                                                                                                                                                                                                                                                                                                                                                                                                                                                                                                                                                                                                                                                                                                                                                                                                                                                                                                                                                                                                                                                                                                                                                                                                                                                                                                                                                                                                                                                                                                                                                                                                                                                                                                                                                                                                                                                                                                                                                                                                                                                                                                                                                                                                                                                                                                                                                                                                                                                                                                                                                                                                                                                                                                                                                                                                                                                                                                                                                                                                                                                                                                                                                                                                                                                                                                                                                                                                                                                                                                                                                                                                                                                                                                                                                                                                                                                                                                                                                                                                                                                                                                                                                                                                                                                                                                                                                                                                                                                                                                                                                                                                                                                                                                                                                                                                                                                                                                                                                                                                                                                                                                                                                                                                                                                                                                                                                                                                                                                                                                                                                                                                                                                                                                                                                                                                                                                                                                                                                                                                                                                                                                                                                                                                                                                                                                                                                                                                                                                                                                                                                                                                                                                                                                                                                                                                                                                                                                                                                                                                                                                                                                                                                                                                                                                                                                                                                                                                                                                                                                                                                                                                                                                                                                                                                                                                                                                                                                                                                                                                                                                                                                                                                                                                                                                                                                                                                                                                                                                                                                                                                                                                                                                                                                                                                                                                                                                                                                                                                                                                                                                                                                                                                                                                                                                                                                                                                                                                                                                                                                                                                                                                                                                                                                                                                                                                                                                                                                                                                                                                                                                                                                                                                                                                                                                                                                                                                                                                                                                                                                                                                                                                                                                                                                                                                                                                                                                                                                                                                                                                                                                                                                                                                                                                                                                                                                                                                                                                                                                                                                                                                                                                                                                                                                                                                                                                                                                                                                                                                                                                                                                                                                                                                                                                                                                                                                                                                                                                                                                                                                                                                                                                                                                                                                                                                                                                                                                                                                                                                                                                                                                                                                                                                                                                                                                                                                                                                                                                                                                                                                                                                                                                                                                                                                                                                                                                                                                                                                                                                                                                                                                                                                                                                                                                                                                                                                                                                                                                                                                                                                                                                                                                                                                                                                                                                                                                                                                                                                                                                                                                                                                                                                                                                                                                                                                                                                                                                                                                                                                                                                                                                                                                                                                                                                                                                                                                                                                                                                                                                                                                                                                                                                                                                                                                                                                                                                                                                                                                                                                                                                                                                                                                                                                                                                                                                                                                                                                                                                                                                                                                                                                                                                                                                                                                                                                                                                                                                                                                                                                                                                                                                                                                                                                                                                                                                                                                                                                                                                                                                                                                                                                                                                                                                                                                                                                                                                                                                                                                                                                                                                                                                                                                                                                                                                                                                                                                                                                                                                                                                                                                                                                                                                                                                                                                                                                                                                                                                                                                                                                                                                                                                                                                                                                                                                                                                                                                                                                                                                                                                                                                                                                                                                                                                                                                                                                                                                                                                                                                                                                                                                                                                                                                                                                                                                                                                                                                                                                                                                                                                                                                                                                                                                                                                                                                                                                                                                                                                                                                                                                                                                                                                                                                                                                                                                                                                                                                                                                                                                                                                                                                                                                                                                                                                                                                                                                                                                                                                                                                                                                                                                                                                                                                                                                                                                                                                                                                                                                                                                                                                                                                                                                                                                                                                                                                                                                                                                                                                                                                                                                                                                                                                                                                                                                                                                                                                                                                                                                                                                                                                                                                                                                                                                                                                                                                                                                                                                                                                                                                                                                                                                                                                                                                                                                                                                                                                                                                                                                                                                                                                                                                                                                                                                                                                                                                                                                                                                                                                                                                                                                                                                                                                                                                                                                                                                                                                                                                                                                                                                                                                                                                                                                                                                                                                                                                                                                                                                                                                                                                                                                                                                                                                                                                                                                                                                                                                                                                                                                                                                                                                                                                                                                                                                                                                                                                                                                                                                                                                                                                                                                                                                                                                                                                                                                                                                                                                                                                                                                                                                                                                                                                                                                                                                                                                                                                                                                                                                                                                                                                                                                                                                                                                                                                                                                                                                                                                                                                                                                                                                                                                                                                                                                                                                                                                                                                                                                                                                                                                                                                                                                                                                                                                                                                                                                                                                                                                                                                                                                                                                                                                                                                                                                                                                                                                                                                                                                                                                                                                                                                                                                                                                                                                                                                                                                                                                                                                                                                                                                                                                                                                                                                                                                                                                                                                                                                                                                                                                                                                                                                                                                                                                                                                                                                                                                                                                                                                                                                                                                                                                                                                                                                                                                                                                                                                                                                                                                                                                                                                                                                                                                                                                                                                                                                                                                                                                                                                                                                                                                                                                                                                                                                                                                                                                                                                                                                                                                                                                                                                                                                                                                                                                                                                                                                                                                                                                                                                                                                                                                                                                                                                                                                                                                                                                                                                                                                                                                                                                                                                                                                                                                                                                                                                                                                                                                                                                                                                                                                                                                                                                                                                                                                                                                                                                                                                                                                                                                                                                                                                                                                                                                                                                                                                                                                                                                                                                                                                                                                                                                                                                                                                                                                                                                                                                                                                                                                                                                                                                                                                                                                                                                                                                                                                                                                                                                                                                                                                                                                                                                                                                                                                                                                                                                                                                                                                                                                                                                                                                                                                                                                                                                                                                                                                                                                                                                                                                                                                                                                                                                                                                                                                                                                                                                                                                                                                                                                                                                                                                                                                                                                                                                                                                                                                                                                                                                                                                                                                                                                                                                                                                                                                                                                                                                                                                                                                                                                                                                                                                                                                                                                                                                                                                                                                                                                                                                                                                                                                                                                                                                                                                                                                                                                                                                                                                                                                                                                                                                                                                                                                                                                                                                                                                                                                                                                                                                                                                                                                                                                                                                                                                                                                                                                                                                                                                                                                                                                                                                                                                                                                                                                                                                                                                                                                                                                                                                                                                                                                                                                                                                                                                                                                                                                                                                                                                                                                                                                                                                                                                                                                                                                                                                                                                                                                                                                                                                                                                                                                                                                                                                                                                                                                                                                                                                                                                                                                                                                                                                                                                                                                                                                                                                                                                                                                                                                                                                                                                                                                                                                                                                                                                                                                                                                                                                                                                                                                                                                                                                                                                                                                                                                                                                                                                                                                                                                                                                                                                                                                                                                                                                                                                                                                                                                                                                                                                                                                                                                                                                                                                                                                                                                                                                                                                                                                                                                                                                                                                                                                                                                                                                                                                                                                                                                                                                                                                                                                                                                                                                                                                                                                                                                                                                                                                                                                                                                                                                                                                                                                                                                                                                                                                                                                                                                                                                                                                                                                                                                                                                                                                                                                                                                                                                                                                                                                                                                                                                                                                                                                                                                                                                                                                                                                                                                                                                                                                                                                                                                                                                                                                                                                                                                                                                                                                                                                                                                                                                                                                                                                                                                                                                                                                                                                                                                                                                                                                                                                                                                                                                                                                                                                                                                                                                                                                                                                                                                                                                                                                                                                                                                                                                                                                                                                                                                                                                                                                                                                                                                                                                                                                                                                                                                                                                                                                                                                                                                                                                                                                                                                                                                                                                                                                                                                                                                                                                                                                                                                                                                                                                                                                                                                                                                                                                                                                                                                                                                                                                                                                                                                                                                                                                                                                                                                                                                                                                                                                                                                                                                                                                                                                                                                                                                                                                                                                                                                                                                                                                                                                                                                                                                                                                                                                                                                                                                                                                                                                                                                                                                                                                                                                                                                                                                                                                                                                                                                                                                                                                                                                                                                                                                                                                                                                                                                                                                                                                                                                                                                                                                                                                                                                                                                                                                                                                                                                                                                                                                                                                                                                                                                                                                                                                                                                                                                                                                                                                                                                                                                                                                                                                                                                                                                                                                                                                                                                                                                                                                                                                                                                                                                                                                                                                                                                                                                                                                                                                                                                                                                                                                                                                                                                                                                                                                                                                                                                                                                                                                                                                                                                                                                                                                                                                                                                                                                                                                                                                                                                                                                                                                                                                                                                                                                                                                                                                                                                                                                                                                                                                                                                                                                                                                                                                                                                                                                                                                                                                                                                                                                                                                                                                                                                                                                                                                                                                                                                                                                                                                                                                                                                                                                                                                                                                                                                                                                                                                                                                                                                                                                                                                                                                                                                                                                                                                                                                                                                                                                                                                                                                                                                                                                                                                                                                                                                                                                                                                                                                                                                                                                                                                                                                                                                                                                                                                                                                                                                                                                                                                                                                                                                                                                                                                                                                                                                                                                                                                                                                                                                                                                                                                                                                                                                                                                                                                                                                                                                                                                                                                                                                                                                                                                                                                                                                                                                                                                                                                                                                                                                                                                                                                                                                                                                                                                                                                                                                                                                                                                                                                                                                                                                                                                                                                                                                                                                                                                                                                                                                                                                                                                                                                                                                                                                                                                                                                                                                                                                                                                                                                                                                                                                                                                                                                                                                                                                                                                                                                                                                                                                                                                                                                                                                                                                                                                                                                                                                                                                                                                                                                                                                                                                                                                                                                                                                                                                                                                                                                                                                                                                                                                                                                                                                                                                                                                                                                                                                                                                                                                                                                                                                                                                                                                                                                                                                                                                                                                                                                                                                                                                                                                                                                                                                                                                                                                                                                                                                                                                                                                                                                                                                                                                                                                                                                                                                                                                                                                                                                                                                                                                                                                                                                                                                                                                                                                                                                                                                                                                                                                                                                                                                                                                                                                                                                                                                                                                                                                                                                                                                                                                                                                                                                                                                                                                                                                                                                                                                                                                                                                                                                                                                                                                                                                                                                                                                                                                                                                                                                                                                                                                                                                                                                                                                                                                                                                                                                                                                                                                                                                                                                                                                                                                                                                                                                                                                                                                                                                                                                                                                                                                                                                                                                                                                                                                                                                                                                                                                                                                                                                                                                                                                                                                                                                                                                                                                                                                                                                                                                                                                                                                                                                                                                                                                                                                                                                                                                                                                                                                                                                                                                                                                                                                                                                                                                                                                                                                                                                                                                                                                                                                                                                                                                                                                                                                                                                                                                                                                                                                                                                                                                                                                                                                                                                                                                                                                                                                                                                                                                                                                                                                                                                                                                                                                                                                                                                                                                                                                                                                                                                                                                                                                                                                                                                                                                                                                                                                                                                                                                                                                                                                                                                                                                                                                                                                                                                                                                                                                                                                                                                                                                                                                                                                                                                                                                                                                                                                                                                                                                                                                                                                                                                                                                                                                                                                                                                                                                                                                                                                                                                                                                                                                                                                                                                                                                                                                                                                                                                                                                                                                                                                                                                                                                                                                                                                                                                                                                                                                                                                                                                                                                                                                                                                                                                                                                                                                                                                                                                                                                                                                                                                                                                                                                                                                                                                                                                                                                                                                                                                                                                                                                                                                                                                                                                                                                                                                                                                                                                                                                                                                                                                                                                                                                                                                                                                                                                                                                                                                                                                                                                                                                                                                                                                                                                                                                                                                                                                                                                                                                                                                                                                                                                                                                                                                                                                                                                                                                                                                                                                                                                                                                                                                                                                                                                                                                                                                                                                                                                                                                                                                                                                                                                                                                                                                                                                                                                                                                                                                                                                                                                                                                                                                                                                                                                                                                                                                                                                                                                                                                                                                                                                                                                                                                                                                                                                                                                                                                                                                                                                                                                                                                                                                                                                                                                                                                                                                                                                                                                                                                                                                                                                                                                                                                                                                                                                                                                                                                                                                                                                                                                                                                                                                                                                                                                                                                                                                                                                                                                                                                                                                                                                                                                                                                                                                                                                                                                                                                                                                                                                                                                                                                                                                                                                                                                                                                                                                                                                                                                                                                                                                                                                                                                                                                                                                                                                                                                                                                                                                                                                                                                                                                                                                                                                                                                                                                                                                                                                                                                                                                                                                                                                                                                                                                                                                                                                                                                                                                                                                                                                                                                                                                                                                                                                                                                                                                                                                                                                                                                                                                                                                                                                                                                                                                                                                                                                                                                                                                                                                                                                                                                                                                                                                                                                                                                                                                                                                                                                                                                                                                                                                                                                                                                                                                                                                                                                                                                                                                                                                                                                                                                                                                                                                                                                                                                                                                                                                                                                                                                                                                                                                                                                                                                                                                                                                                                                                                                                                                                                                                                                                                                                                                                                                                                                                                                                                                                                                                                                                                                                                                                                                                                                                                                                                                                                                                                                                                                                                                                                                                                                                                                                                                                                                                                                                                                                                                                                                                                                                                                                                                                                                                                                                                                                                                                                                                                                                                                                                                                                                                                                                                                                                                                                                                                                                                                                                                                                                                                                                                                                                                                                                                                                                                                                                                                                                                                                                                                                                                                                                                                                                                                                                                                                                                                                                                                                                                                                                                                                                                                                                                                                                                                                                                                                                                                                                                                                                                                                                                                                                                                                                                                                                                                                                                                                                                                                                                                                                                                                                                                                                                                                                                                                                                                                                                                                                                                                                                                                                                                                                                                                                                                                                                                                                                                                                                                                                                                                                                                                                                                                                                                                                                                                                                                                                                                                                                                                                                                                                                                                                                                                                                                                                                                                                                                                                                                                                                                                                                                                                                                                                                                                                                                                                                                                                                                                                                                                                                                                                                                                                                                                                                                                                                                                                                                                                                                                                                                                                                                                                                                                                                                                                                                                                                                                                                                                                                                                                                                                                                                                                                                                                                                                                                                                                                                                                                                                                                                                                                                                                                                                                                                                                                                                                                                                                                                                                                                                                                                                                                                                                                                                                                                                                                                                                                                                                                                                                                                                                                                                                                                                                                                                                                                                                                                                                                                                                                                                                                                                                                                                                                                                                                                                                                                                                                                                                                                                                                                                                                                                                                                                                                                                                                                                                                                                                                                                                                                                                                                                                                                                                                                                                                                                                                                                                                                                                                                                                                                                                                                                                                                                                                                                                                                                                                                                                                                                                                                                                                                                                                                                                                                                                                                                                                                                                                                                                                                                                                                                                                                                                                                                                                                                                                                                                                                                                                                                                                                                                                                                                                                                                                                                                                                                                                                                                                                                                                                                                                                                                                                                                                                                                                                                                                                                                                                                                                                                                                                                                                                                                                                                                                                                                                                                                                                                                                                                                                                                                                                                                                                                                                                                                                                                                                                                                                                                                                                                                                                                                                                                                                                                                                                                                                                                                                                                                                                                                                                                                                                                                                                                                                                                                                                                                                                                                                                                                                                                                                                                                                                                                                                                                                                                                                                                                                                                                                                                                                                                                                                                                                                                                                                                                                                                                                                                                                                                                                                                                                                                                                                                                                                                                                                                                                                                                                                                                                                                                                                                                                                                                                                                                                                                                                                                                                                                                                                                                                                                                                                                                                                                                                                                                                                                                                                                                                                                                                                                                                                                                                                                                                                                                                                                                                                                                                                                                                                                                                                                                                                                                                                                                                                                                                                                                                                                                                                                                                                                                                                                                                                                                                                                                                                                                                                                                                                                                                                                                                                                                                                                                                                                                                                                                                                                                                                                                                                                                                                                                                                                                                                                                                                                                                                                                                                                                                                                                                                                                                                                                                                                                                                                                                                                                                                                                                                                                                                                                                                                                                                                                                                                                                                                                                                                                                                                                                                                                                                                                                                                                                                                                                                                                                                                                                                                                                                                                                                                                                                                                                                                                                                                                                                                                                                                                                                                                                                                                                                                                                                                                                                                                                                                                                                                                                                                                                                                                                                                                                                                                                                                                                                                                                                                                                                                                                                                                                                                                                                                                                                                                                                                                                                                                                                                                                                                                                                                                                                                                                                                                                                                                                                                                                                                                                                                                                                                                                                                                                                                                                                                                                                                                                                                                                                                                                                                                                                                                                                                                                                                                                                                                                                                                                                                                                                                                                                                                                                                                                                                                                                                                                                                                                                                                                                                                                                                                                                                                                                                                                                                                                                                                                                                                                                                                                                                                                                                                                                                                                                                                                                                                                                                                                                                                                                                                                                                                                                                                                                                                                                                                                                                                                                                                                                                                                                                                                                                                                                                                                                                                                                                                                                                                                                                                                                                                                                                                                                                                                                                                                                                                                                                                                                                                                                                                                                                                                                                                                                                                                                                                                                                                                                                                                                                                                                                                                                                                                                                                                                                                                                                                                                                                                                                                                                                                                                                                                                                                                                                                                                                                                                                                                                                                                                                                                                                                                                                                                                                                                                                                                                                                                                                                                                                                                                                                                                                                                                                                                                                                                                                                                                                                                                                                                                                                                                                                                                                                                                                                                                                                                                                                                                                                                                                                                                                                                                                                                                                                                                                                                                                                                                                                                                                                                                                                                                                                                                                                                                                                                                                                                                                                                                                                                                                                                                                                                                                                                                                                                                                                                                                                                                                                                                                                                                                                                                                                                                                                                                                                                                                                                                                                                                                                                                                                                                                                                                                                                                                                                                                                                                                                                                                                                                                                                                                                                                                                                                                                                                                                                                                                                                                                                                                                                                                                                                                                                                                                                                                                                                                                                                                                                                                                                                                                                                                                                                                                                                                                                                                                                                                                                                                                                                                                                                                                                                                                                                                                                                                                                                                                                                                                                                                                                                                                                                                                                                                                                                                                                                                                                                                                                                                                                                                                                                                                                                                                                                                                                                                                                                                                                                                                                                                                                                                                                                                                                                                                                                                                                                                                                                                                                                                                                                                                                                                                                                                                                                                                                                                                                                                                                                                                                                                                                                                                                                                                                                                                                                                                                                                                                                                                                                                                                                                                                                                                                                                                                                                                                                                                                                                                                                                                                                                                                                                                                                                                                                                                                                                                                                                                                                                                                                                                                                                                                                                                                                                                                                                                                                                                                                                                                                                                                                                                                                                                                                                                                                                                                                                                                                                                                                                                                                                                                                                                                                                                                                                                                                                                                                                                                                                                                                                                                                                                                                                                                                                                                                                                                                                                                                                                                                                                                                                                                                                                                                                                                                                                                                                                                                                                                                                                                                                                                                                                                                                                                                                                                                                                                                                                                                                                                                                                                                                                                                                                                                                                                                                                                                                                                                                                                                                                                                                                                                                                                                                                                                                                                                                                                                                                                                                                                                                                                                                                                                                                                                                                                                                                                                                                                                                                                                                                                                                                                                                                                                                                                                                                                                                                                                                                                                                                                                                                                                                                                                                                                                                                                                                                                                                                                                                                                                                                                                                                                                                                                                                                                                                                                                                                                                                                                                                                                                                                                                                                                                                                                                                                                                                                                                                                                                                                                                                                                                                                                                                                                                                                                                                                                                                                                                                                                                                                                                                                                                                                                                                                                                                                                                                                                                                                                                                                                                                                                                                                                                                                                                                                                                                                                                                                                                                                                                                                                                                                                                                                                                                                                                                                                                                                                                                                                                                                                                                                                                                                                                                                                                                                                                                                                                                                                                                                                                                                                                                                                                                                                                                                                                                                                                                                                                                                                                                                                                                                                                                                                                                                                                                                                                                                                                                                                                                                                                                                                                                                                                                                                                                                                                                                                                                                                                                                                                                                                                                                                                                                                                                                                                                                                                                                                                                                                                                                                                                                                                                                                                                                                                                                                                                                                                                                                                                                                                                                                                                                                                                                                                                                                                                                                                                                                                                                                                                                                                                                                                                                                                                                                                                                                                                                                                                                                                                                                                                                                                                                                                                                                                                                                                                                                                                                                                                                                                                                                                                                                                                                                                                                                                                                                                                                                                                                                                                                                                                                                                                                                                                                                                                                                                                                                                                                                                                                                                                                                                                                                                                                                                                                                                                                                                                                                                                                                                                                                                                                                                                                                                                                                                                                                                                                                                                                                                                                                                                                                                                                                                                                                                                                                                                                                                                                                                                                                                                                                                                                                                                                                                                                                                                                                                                                                                                                                                                                                                                                                                                                                                                                                                                                                                                                                                                                                                                                                                                                                                                                                                                                                                                                                                                                                                                                                                                                                                                                                                                                                                                                                                                                                                                                                                                                                                                                                                                                                                                                                                                                                                                                                                                                                                                                                                                                                                                                                                                                                                                                                                                                                                                                                                                                                                                                                                                                                                                                                                                                                                                                                                                                                                                                                                                                                                                                                                                                                                                                                                                                                                                                                                                                                                                                                                                                                                                                                                                                                                                                                                                                                                                                                                                                                                                                                                                                                                                                                                                                                                                                                                                                                                                                                                                                                                                                                                                                                                                                                                                                                                                                                                                                                                                                                                                                                                                                                                                                                                                                                                                                                                                                                                                                                                                                                                                                                                                                                                                                                                                                                                                                                                                                                                                                                                                                                                                                                                                                                                                                                                                                                                                                                                                                                                                                                                                                                                                                                                                                                                                                                                                                                                                                                                                                                                                                                                                                                                                                                                                                                                                                                                                                                                                                                                                                                                                                                                                                                                                                                                                                                                                                                                                                                                                                                                                                                                                                                                                                                                                                                                                                                                                                                                                                                                                                                                                                                                                                                                                                                                                                                                                                                                                                                                                                                                                                                                                                                                                                                                                                                                                                                                                                                                                                                                                                                                                                                                                                                                                                                                                                                                                                                                                                                                                                                                                                                                                                                                                                                                                                                                                                                                                                                                                                                                                                                                                                                                                                                                                                                                                                                                                                                                                                                                                                                                                                                                                                                                                                                                                                                                                                                                                                                                                                                                                                                                                                                                                                                                                                                                                                                                                                                                                                                                                                                                                                                                                                                                                                                                                                                                                                                                                                                                                                                                                                                                                                                                                                                                                                                                                                                                                                                                                                                                                                                                                                                                                                                                                                                                                                                                                                                                                                                                                                                                                                                                                                                                                                                                                                                                                                                                                                                                                                                                                                                                                                                                                                                                                                                                                                                                                                                                                                                                                                                                                                                                                                                                                                                                                                                                                                                                                                                                                                                                                                                                                                                                                                                                                                                                                                                                                                                                                                                                                                                                                                                                                                                                                                                                                                                                                                                                                                                                                                                                                                                                                                                                                                                                                                                                                                                                                                                                                                                                                                                                                                                                                                                                                                                                                                                                                                                                                                                                                                                                                                                                                                                                                                                                                                                                                                                                                                                                                                                                                                                                                                                                                                                                                                                                                                                                                                                                                                                                                                                                                                                                                                                                                                                                                                                                                                                                                                                                                                                                                                                                                                                                                                                                                                                                                                                                                                                                                                                                                                                                                                                                                                                                                                                                                                                                                                                                                                                                                                                                                                                                                                                                                                                                                                                                                                                                                                                                                                                                                                                                                                                                                                                                                                                                                                                                                                                                                                                                                                                                                                                                                                                                                                                                                                                                                                                                                                                                                                                                                                                                                                                                                                                                                                                                                                                                                                                                                                                                                                                                                                                                                                                                                                                                                                                                                                                                                                                                                                                                                                                                                                                                                                                                                                                                                                                                                                                                                                                                                                                                                                                                                                                                                                                                                                                                                                                                                                                                                                                                                                                                                                                                                                                                                                                                                                                                                                                                                                                                                                                                                                                                                                                                                                                                                                                                                                                                                                                                                                                                                                                                                                                                                                                                                                                                                                                                                                                                                                                                                                                                                                                                                                                                                                                                                                                                                                                                                                                                                                                                                                                                                                                                                                                                                                                                                                                                                                                                                                                                                                                                                                                                                                                                                                                                                                                                                                                                                                                                                                                                                                                                                                                                                                                                                                                                                                                                                                                                                                                                                                                                                                                                                                                                                                                                                                                                                                                                                                                                                                                                                                                                                                                                                                                                                                                                                                                                                                                                                                                                                                                                                                                                                                                                                                                                                                                                                                                                                                                                                                                                                                                                                                                                                                                                                                                                                                                                                                                                                                                                                                                                                                                                                                                                                                                                                                                                                                                                                                                                                                                                                                                                                                                                                                                                                                                                                                                                                                                                                                                                                                                                                                                                                                                                                                                                                                                                                                                                                                                                                                                                                                                                                                                                                                                                                                                                                                                                                                                                                                                                                                                                                                                                                                                                                                                                                                                                                                                                                                                                                                                                                                                                                                                                                                                                                                                                                                                                                                                                                                                                                                                                                                                                                                                                                                                                                                                                                                                                                                                                                                                                                                                                                                                                                                                                                                                                                                                                                                                                                                                                                                                                                                                                                                                                                                                                                                                                                                                                                                                                                                                                                                                                                                                                                                                                                                                                                                                                                                                                                                                                                                                                                                                                                                                                                                                                                                                                                                                                                                                                                                                                                                                                                                                                                                                                                                                                                                                                                                                                                                                                                                                                                                                                                                                                                                                                                                                                                                                                                                                                                                                                                                                                                                                                                                                                                                                                                                                                                                                                                                                                                                                                                                                                                                                                                                                                                                                                                                                                                                                                                                                                                                                                                                                                                                                                                                                                                                                                                                                                                                                                                                                                                                                                                                                                                                                                                                                                                                                                                                                                                                                                                                                                                                                                                                                                                                                                                                                                                                                                                                                                                                                                                                                                                                                                                                                                                                                                                                                                                                                                                                                                                                                                                                                                                                                                                                                                                                                                                                                                                                                                                                                                                                                                                                                                                                                                                                                                                                                                                                                                                                                                                                                                                                                                                                                                                                                                                                                                                                                                                                                                                                                                                                                                                                                                                                                                                                                                                                                                                                                                                                                                                                                                                                                                                                                                                                                                                                                                                                                                                                                                                                                                                                                                                                                                                                                                                                                                                                                                                                                                                                                                                                                                                                                                                                                                                                                                                                                                                                                                                                                                                                                                                                                                                                                                                                                                                                                                                                                                                                                                                                                                                                                                                                                                                                                                                                                                                                                                                                                                                                                                                                                                                                                                                                                                                                                                                                                                                                                                                                                                                                                                                                                                                                                                                                                                                                                                                                                                                                                                                                                                                                                                                                                                                                                                                                                                                                                                                                                                                                                                                                                                                                                                                                                                                                                                                                                                                                                                                                                                                                                                                                                                                                                                                                                                                                                                                                                                                                                                                                                                                                                                                                                                                                                                                                                                                                                                                                                                                                                                                                                                                                                                                                                                                                                                                                                                                                                                                                                                                                                                                                                                                                                                                                                                                                                                                                                                                                                                                                                                                                                                                                                                                                                                                                                                                                                                                                                                                                                                                                                                                                                                                                                                                                                                                                                                                                                                                                                                                                                                                                                                                                                                                                                                                                                                                                                                                                                                                                                                                                                                                                                                                                                                                                                                                                                                                                                                                                                                                                                                                                                                                                                                                                                                                                                                                                                                                                                                                                                                                                                                                                                                                                                                                                                                                                                                                                                                                                                                                                                                                                                                                                                                                                                                                                                                                                                                                                                                                                                                                                                                                                                                                                                                                                                                                                                                                                                                                                                                                                                                                                                                                                                                                                                                                                                                                                                                                                                                                                                                                                                                                                                                                                                                                                                                                                                                                                                                                                                                                                                                                                                                                                                                                                                                                                                                                                                                                                                                                                                                                                                                                                                                                                                                                                                                                                                                                                                                                                                                                                                                                                                                                                                                                                                                                                                                                                                                                                                                                                                                                                                                                                                                                                                                                                                                                                                                                                                                                                                                                                                                                                                                                                                                                                                                                                                                                                                                                                                                                                                                                                                                                                                                                                                                                                                                                                                                                                                                                                                                                                                                                                                                                                                                                                                                                                                                                                                                                                                                                                                                                                                                                                                                                                                                                                                                                                                                                                                                                                                                                                                                                                                                                                                                                                                                                                                                                                                                                                                                                                                                                                                                                                                                                                                                                                                                                                                                                                                                                                                                                                                                                                                                                                                                                                                                                                                                                                                                                                                                                                                                                                                                                                                                                                                                                                                                                                                                                                                                                                                                                                                                                                                                                                                                                                                                                                                                                                                                                                                                                                                                                                                                                                                                                                                                                                                                                                                                                                                                                                                                                                                                                                                                                                                                                                                                                                                                                                                                                                                                                                                                                                                                                                                                                                                                                                                                                                                                                                                                                                                                                                                                                                                                                                                                                                                                                                                                                                                                                                                                                                                                                                                                                                                                                                                                                                                                                                                                                                                                                                                                                                                                                                                                                                                                                                                                                                                                                                                                                                                                                                                                                                                                                                                                                                                                                                                                                                                                                                                                                                                                                                                                                                                                                                                                                                                                                                                                                                                                                                                                                                                                                                                                                                                                                                                                                                                                                                                                                                                                                                                                                                                                                                                                                                                                                                                                                                                                                                                                                                                                                                                                                                                                                                                                                                                                                                                                                                                                                                                                                                                                                                                                                                                                                                                                                                                                                                                                                                                                                                                                                                                                                                                                                                                                                                                                                                                                                                                                                                                                                                                                                                                                                                                                                                                                                                                                                                                                                                                                                                                                                                                                                                                                                                                                                                                                                                                                                                                                                                                                                                                                                                                                                                                                                                                                                                                                                                                                                                                                                                                                                                                                                                                                                                                                                                                                                                                                                                                                                                                                                                                                                                                                                                                                                                                                                                                                                                                                                                                                                                                                                                                                                                                                                                                                                                                                                                                                                                                                                                                                                                                                                                                                                                                                                                                                                                                                                                                                                                                                                                                                                                                                                                                                                                                                                                                                                                                                                                                                                                                                                                                                                                                                                                                                                                                                                                                                                                                                                                                                                                                                                                                                                                                                                                                                                                                                                                                                                                                                                                                                                                                                                                                                                                                                                                                                                                                                                                                                                                                                                                                                                                                                                                                                                                                                                                                                                                                                                                                                                                                                                                                                                                                                                                                                                                                                                                                                                                                                                                                                                                                                                                                                                                                                                                                                                                                                                                                                                                                                                                                                                                                                                                                                                                                                                                                                                                                                                                                                                                                                                                                                                                                                                                                                                                                                                                                                                                                                                                                                                                                                                                                                                                                                                                                                                                                                                                                                                                                                                                                                                                                                                                                                                                                                                                                                                                                                                                                                                                                                                                                                                                                                                                                                                                                                                                    [32minfo[39m:    [Watcher] created src/api/store/newsletter/route.ts created: restarting dev server
[32minfo[39m:    Gracefully shutting down server
[32minfo[39m:    [Watcher] Reloaded in 23.75ms
[32minfo[39m:    redisUrl not found. A fake redis instance will be used.
- Creating server
[32minfo[39m:    redisUrl not found. A fake redis instance will be used.
[32minfo[39m:    Skipping instrumentation registration. No register function found.
[32minfo[39m:    redisUrl not found. A fake redis instance will be used.
[32minfo[39m:    No link to load from /Users/User/daw-store/backend/node_modules/@medusajs/draft-order/.medusa/server/src/links. skipped.
[33mwarn[39m:    Local Event Bus installed. This is not recommended for production.
[32minfo[39m:    Locking module: Using "in-memory" as default.
[32minfo[39m:    No workflow to load from /Users/User/daw-store/backend/node_modules/@medusajs/draft-order/.medusa/server/src/workflows. skipped.
[32minfo[39m:    No subscriber to load from /Users/User/daw-store/backend/node_modules/@medusajs/draft-order/.medusa/server/src/subscribers. skipped.
[32minfo[39m:    No job to load from /Users/User/daw-store/backend/node_modules/@medusajs/medusa/dist/jobs. skipped.
[32minfo[39m:    No job to load from /Users/User/daw-store/backend/node_modules/@medusajs/draft-order/.medusa/server/src/jobs. skipped.
Error: listen EADDRINUSE: address already in use :::9001
    at Server.setupListenHandle [as _listen2] (node:net:1912:16)
    at listenInCluster (node:net:1969:12)
    at Server.listen (node:net:2074:7)
    at internalStart (/Users/User/daw-store/backend/node_modules/@medusajs/medusa/src/commands/start.ts:306:15)
    at async start (/Users/User/daw-store/backend/node_modules/@medusajs/medusa/src/commands/start.ts:405:12) {
  code: 'EADDRINUSE',
  errno: -48,
  syscall: 'listen',
  address: '::',
  port: 9001
}
[32minfo[39m:    [Watcher] modified src/api/store/orders/route.ts modified: restarting dev server
[32minfo[39m:    Gracefully shutting down server
[32minfo[39m:    [Watcher] Reloaded in 32.07ms
[32minfo[39m:    redisUrl not found. A fake redis instance will be used.
- Creating server
[32minfo[39m:    redisUrl not found. A fake redis instance will be used.
[32minfo[39m:    Skipping instrumentation registration. No register function found.
[32minfo[39m:    redisUrl not found. A fake redis instance will be used.
[32minfo[39m:    No link to load from /Users/User/daw-store/backend/node_modules/@medusajs/draft-order/.medusa/server/src/links. skipped.
[33mwarn[39m:    Local Event Bus installed. This is not recommended for production.
[32minfo[39m:    Locking module: Using "in-memory" as default.
[32minfo[39m:    No workflow to load from /Users/User/daw-store/backend/node_modules/@medusajs/draft-order/.medusa/server/src/workflows. skipped.
[32minfo[39m:    No subscriber to load from /Users/User/daw-store/backend/node_modules/@medusajs/draft-order/.medusa/server/src/subscribers. skipped.
[32minfo[39m:    No job to load from /Users/User/daw-store/backend/node_modules/@medusajs/medusa/dist/jobs. skipped.
[32minfo[39m:    No job to load from /Users/User/daw-store/backend/node_modules/@medusajs/draft-order/.medusa/server/src/jobs. skipped.
Error: listen EADDRINUSE: address already in use :::9001
    at Server.setupListenHandle [as _listen2] (node:net:1912:16)
    at listenInCluster (node:net:1969:12)
    at Server.listen (node:net:2074:7)
    at internalStart (/Users/User/daw-store/backend/node_modules/@medusajs/medusa/src/commands/start.ts:306:15)
    at async start (/Users/User/daw-store/backend/node_modules/@medusajs/medusa/src/commands/start.ts:405:12) {
  code: 'EADDRINUSE',
  errno: -48,
  syscall: 'listen',
  address: '::',
  port: 9001
}
[32minfo[39m:    [Watcher] modified src/api/store/orders/route.ts modified: restarting dev server
[32minfo[39m:    Gracefully shutting down server
[32minfo[39m:    [Watcher] Reloaded in 47.94ms
[32minfo[39m:    redisUrl not found. A fake redis instance will be used.
- Creating server
[32minfo[39m:    redisUrl not found. A fake redis instance will be used.
[32minfo[39m:    Skipping instrumentation registration. No register function found.
[32minfo[39m:    redisUrl not found. A fake redis instance will be used.
[32minfo[39m:    No link to load from /Users/User/daw-store/backend/node_modules/@medusajs/draft-order/.medusa/server/src/links. skipped.
[33mwarn[39m:    Local Event Bus installed. This is not recommended for production.
[32minfo[39m:    Locking module: Using "in-memory" as default.
[32minfo[39m:    No workflow to load from /Users/User/daw-store/backend/node_modules/@medusajs/draft-order/.medusa/server/src/workflows. skipped.
[32minfo[39m:    No subscriber to load from /Users/User/daw-store/backend/node_modules/@medusajs/draft-order/.medusa/server/src/subscribers. skipped.
[32minfo[39m:    No job to load from /Users/User/daw-store/backend/node_modules/@medusajs/medusa/dist/jobs. skipped.
[32minfo[39m:    No job to load from /Users/User/daw-store/backend/node_modules/@medusajs/draft-order/.medusa/server/src/jobs. skipped.
Error: listen EADDRINUSE: address already in use :::9001
    at Server.setupListenHandle [as _listen2] (node:net:1912:16)
    at listenInCluster (node:net:1969:12)
    at Server.listen (node:net:2074:7)
    at internalStart (/Users/User/daw-store/backend/node_modules/@medusajs/medusa/src/commands/start.ts:306:15)
    at async start (/Users/User/daw-store/backend/node_modules/@medusajs/medusa/src/commands/start.ts:405:12) {
  code: 'EADDRINUSE',
  errno: -48,
  syscall: 'listen',
  address: '::',
  port: 9001
}
[32minfo[39m:    [Watcher] modified src/api/store/orders/route.ts modified: restarting dev server
[32minfo[39m:    Gracefully shutting down server
[32minfo[39m:    [Watcher] Reloaded in 31.24ms
[32minfo[39m:    redisUrl not found. A fake redis instance will be used.
- Creating server
[32minfo[39m:    redisUrl not found. A fake redis instance will be used.
[32minfo[39m:    Skipping instrumentation registration. No register function found.
[32minfo[39m:    redisUrl not found. A fake redis instance will be used.
[32minfo[39m:    No link to load from /Users/User/daw-store/backend/node_modules/@medusajs/draft-order/.medusa/server/src/links. skipped.
[33mwarn[39m:    Local Event Bus installed. This is not recommended for production.
[32minfo[39m:    Locking module: Using "in-memory" as default.
[32minfo[39m:    No workflow to load from /Users/User/daw-store/backend/node_modules/@medusajs/draft-order/.medusa/server/src/workflows. skipped.
[32minfo[39m:    No subscriber to load from /Users/User/daw-store/backend/node_modules/@medusajs/draft-order/.medusa/server/src/subscribers. skipped.
[32minfo[39m:    No job to load from /Users/User/daw-store/backend/node_modules/@medusajs/medusa/dist/jobs. skipped.
[32minfo[39m:    No job to load from /Users/User/daw-store/backend/node_modules/@medusajs/draft-order/.medusa/server/src/jobs. skipped.
Error: listen EADDRINUSE: address already in use :::9001
    at Server.setupListenHandle [as _listen2] (node:net:1912:16)
    at listenInCluster (node:net:1969:12)
    at Server.listen (node:net:2074:7)
    at internalStart (/Users/User/daw-store/backend/node_modules/@medusajs/medusa/src/commands/start.ts:306:15)
    at async start (/Users/User/daw-store/backend/node_modules/@medusajs/medusa/src/commands/start.ts:405:12) {
  code: 'EADDRINUSE',
  errno: -48,
  syscall: 'listen',
  address: '::',
  port: 9001
}
[32minfo[39m:    [Watcher] modified src/api/store/orders/route.ts modified: restarting dev server
[32minfo[39m:    Gracefully shutting down server
[32minfo[39m:    [Watcher] Reloaded in 19.84ms
[32minfo[39m:    redisUrl not found. A fake redis instance will be used.
- Creating server
[32minfo[39m:    redisUrl not found. A fake redis instance will be used.
[32minfo[39m:    Skipping instrumentation registration. No register function found.
[32minfo[39m:    redisUrl not found. A fake redis instance will be used.
[32minfo[39m:    No link to load from /Users/User/daw-store/backend/node_modules/@medusajs/draft-order/.medusa/server/src/links. skipped.
[33mwarn[39m:    Local Event Bus installed. This is not recommended for production.
[32minfo[39m:    Locking module: Using "in-memory" as default.
[32minfo[39m:    No workflow to load from /Users/User/daw-store/backend/node_modules/@medusajs/draft-order/.medusa/server/src/workflows. skipped.
[32minfo[39m:    No subscriber to load from /Users/User/daw-store/backend/node_modules/@medusajs/draft-order/.medusa/server/src/subscribers. skipped.
[32minfo[39m:    No job to load from /Users/User/daw-store/backend/node_modules/@medusajs/medusa/dist/jobs. skipped.
[32minfo[39m:    No job to load from /Users/User/daw-store/backend/node_modules/@medusajs/draft-order/.medusa/server/src/jobs. skipped.
Error: listen EADDRINUSE: address already in use :::9001
    at Server.setupListenHandle [as _listen2] (node:net:1912:16)
    at listenInCluster (node:net:1969:12)
    at Server.listen (node:net:2074:7)
    at internalStart (/Users/User/daw-store/backend/node_modules/@medusajs/medusa/src/commands/start.ts:306:15)
    at async start (/Users/User/daw-store/backend/node_modules/@medusajs/medusa/src/commands/start.ts:405:12) {
  code: 'EADDRINUSE',
  errno: -48,
  syscall: 'listen',
  address: '::',
  port: 9001
}
[32minfo[39m:    [Watcher] modified src/api/store/admin-orders/[id]/route.ts modified: restarting dev server
[32minfo[39m:    Gracefully shutting down server
[32minfo[39m:    [Watcher] Reloaded in 40.64ms
[32minfo[39m:    redisUrl not found. A fake redis instance will be used.
- Creating server
[32minfo[39m:    redisUrl not found. A fake redis instance will be used.
[32minfo[39m:    Skipping instrumentation registration. No register function found.
[32minfo[39m:    redisUrl not found. A fake redis instance will be used.
[32minfo[39m:    No link to load from /Users/User/daw-store/backend/node_modules/@medusajs/draft-order/.medusa/server/src/links. skipped.
[33mwarn[39m:    Local Event Bus installed. This is not recommended for production.
[32minfo[39m:    Locking module: Using "in-memory" as default.
[32minfo[39m:    No workflow to load from /Users/User/daw-store/backend/node_modules/@medusajs/draft-order/.medusa/server/src/workflows. skipped.
[32minfo[39m:    No subscriber to load from /Users/User/daw-store/backend/node_modules/@medusajs/draft-order/.medusa/server/src/subscribers. skipped.
[32minfo[39m:    No job to load from /Users/User/daw-store/backend/node_modules/@medusajs/medusa/dist/jobs. skipped.
[32minfo[39m:    No job to load from /Users/User/daw-store/backend/node_modules/@medusajs/draft-order/.medusa/server/src/jobs. skipped.
Error: listen EADDRINUSE: address already in use :::9001
    at Server.setupListenHandle [as _listen2] (node:net:1912:16)
    at listenInCluster (node:net:1969:12)
    at Server.listen (node:net:2074:7)
    at internalStart (/Users/User/daw-store/backend/node_modules/@medusajs/medusa/src/commands/start.ts:306:15)
    at async start (/Users/User/daw-store/backend/node_modules/@medusajs/medusa/src/commands/start.ts:405:12) {
  code: 'EADDRINUSE',
  errno: -48,
  syscall: 'listen',
  address: '::',
  port: 9001
}
[32minfo[39m:    [Watcher] modified src/api/store/admin-products/route.ts modified: restarting dev server
[32minfo[39m:    [Watcher] Reloaded in 24.42ms
[32minfo[39m:    Gracefully shutting down server
[32minfo[39m:    redisUrl not found. A fake redis instance will be used.
- Creating server
[32minfo[39m:    redisUrl not found. A fake redis instance will be used.
[32minfo[39m:    Skipping instrumentation registration. No register function found.
[32minfo[39m:    redisUrl not found. A fake redis instance will be used.
[32minfo[39m:    No link to load from /Users/User/daw-store/backend/node_modules/@medusajs/draft-order/.medusa/server/src/links. skipped.
[33mwarn[39m:    Local Event Bus installed. This is not recommended for production.
[32minfo[39m:    Locking module: Using "in-memory" as default.
[32minfo[39m:    No workflow to load from /Users/User/daw-store/backend/node_modules/@medusajs/draft-order/.medusa/server/src/workflows. skipped.
[32minfo[39m:    No subscriber to load from /Users/User/daw-store/backend/node_modules/@medusajs/draft-order/.medusa/server/src/subscribers. skipped.
[32minfo[39m:    No job to load from /Users/User/daw-store/backend/node_modules/@medusajs/medusa/dist/jobs. skipped.
[32minfo[39m:    No job to load from /Users/User/daw-store/backend/node_modules/@medusajs/draft-order/.medusa/server/src/jobs. skipped.
Error: listen EADDRINUSE: address already in use :::9001
    at Server.setupListenHandle [as _listen2] (node:net:1912:16)
    at listenInCluster (node:net:1969:12)
    at Server.listen (node:net:2074:7)
    at internalStart (/Users/User/daw-store/backend/node_modules/@medusajs/medusa/src/commands/start.ts:306:15)
    at async start (/Users/User/daw-store/backend/node_modules/@medusajs/medusa/src/commands/start.ts:405:12) {
  code: 'EADDRINUSE',
  errno: -48,
  syscall: 'listen',
  address: '::',
  port: 9001
}
